comparator,feedback_noise_alpha,feedback_bias_alpha,units,operating_conditions,median_log_R_ratio,ci_low_log_R_ratio,ci_high_log_R_ratio,median_log_R_abs_ratio,ci_low_log_R_abs_ratio,ci_high_log_R_abs_ratio,median_R_ratio_reduction_percent,ci_low_R_ratio_reduction_percent,ci_high_R_ratio_reduction_percent,median_R_abs_ratio_reduction_percent,ci_low_R_abs_ratio_reduction_percent,ci_high_R_abs_ratio_reduction_percent,R_pta_lower,R_abs_pta_lower
CT,0.0,0.0,288,24,-0.35661095187452896,-0.46536641258911704,-0.19515881839535912,-0.07946788306086192,-0.1093483484348516,-0.0632171436636575,29.995520412178255,17.72960128472737,37.2095009259577,7.639231705599759,6.126038980207715,10.358190273789292,0.8541666666666666,0.8333333333333334
CT,0.0,0.1,288,24,-0.30105775852590533,-0.39712853289552563,-0.1360700390371372,-0.058961588616499486,-0.074589715811189,-0.029402467092856703,25.996497182005808,12.721849842803223,32.775238585293955,5.725701947620177,2.8974420029452497,7.187579709207825,0.9236111111111112,0.6909722222222222
CT,0.0,0.2,288,24,-0.19361044020304444,-0.3180664028158535,-0.05376218289211477,0.09505711558232968,-0.051214352073403295,0.20870825840525523,17.602116921950063,5.234255114064402,27.244552485529184,-9.972166457565956,-23.20854955044913,4.9925001841334975,0.7534722222222222,0.4409722222222222
CT,0.2,0.0,288,24,-0.2301464647519153,-0.34241801804817645,-0.13611293995427567,-0.086775047563481,-0.116448226330507,-0.06316549772554851,20.5582760141924,12.725594075175039,28.99486716067289,8.311667242536469,6.121190646229547,10.992382170635363,0.8645833333333334,0.7743055555555556
CT,0.2,0.1,288,24,-0.21291252096466973,-0.3298210139218235,-0.09564943604543631,-0.052939817759722695,-0.07776482538525983,-0.0290102395275603,19.177316297190107,9.121745336383647,28.094757771210553,5.156291016641223,2.8593482328130304,7.481801972324497,0.8611111111111112,0.6909722222222222
CT,0.2,0.2,288,24,-0.16191900440407614,-0.25997593383157275,-0.03813937033868872,0.031907903337337444,-0.05058371612463539,0.19449840260683005,14.94899106779627,3.742122338795484,22.892985771581287,-3.2422418267405773,-21.470154252754604,4.9325661430529415,0.7326388888888888,0.4583333333333333
CT,0.4,0.0,288,24,-0.19533360594164506,-0.28542197176765993,-0.09141891431675783,-0.07859317758086104,-0.11360229293505225,-0.05488275106065242,17.74397986921542,8.73646851900929,24.830300752234024,7.5584078920725055,5.340387116074197,10.738711625079954,0.7777777777777778,0.7534722222222222
CT,0.4,0.1,288,24,-0.1655180121736064,-0.25377934896784965,-0.05812379988703985,-0.042987342205846726,-0.08022969981364414,-0.008886729935715798,15.254540143190454,5.646686908901377,22.413702187237682,4.207648481103831,0.8847359661887211,7.709566891523123,0.75,0.6319444444444444
CT,0.4,0.2,288,24,-0.09423291847123001,-0.18443684332841878,-0.008306854626517332,0.06077278468998258,-0.01878121641310629,0.16329577128697342,8.992923473863657,0.8272448045692382,16.842754241043465,-6.265743471584639,-17.73848748340372,1.8605948332531597,0.6527777777777778,0.4236111111111111
LFTA,0.0,0.0,288,24,-0.7162281981905401,-0.8796433611186262,-0.5529646107340626,-0.09404435187113977,-0.22325093124485723,-0.0690276471513593,51.14083442552043,42.47580883420584,58.50691342232602,8.975760960771462,6.669912338909201,20.00858993325033,0.96875,0.8194444444444444
LFTA,0.0,0.1,288,24,-0.6530984180604731,-0.818698114361063,-0.5044301650138816,-0.08974630592228666,-0.1451224133769314,-0.05563321218278182,47.95692360176771,39.61504279804252,55.899458044086444,8.583692638652508,5.411398826282765,13.508359070834919,0.9756944444444444,0.7361111111111112
LFTA,0.0,0.2,288,24,-0.5461625963812429,-0.6980553227675882,-0.3240938169748405,-0.04946011450045215,-0.08940984064846255,0.020105985299136743,42.08319469050994,27.681760758716123,50.244805847979876,4.825688187086163,-2.0309472101062154,8.552929050614877,0.9027777777777778,0.5763888888888888
LFTA,0.2,0.0,288,24,-0.6508411293036656,-0.768500159145752,-0.46183644252710343,-0.11460192647994077,-0.18457369129960716,-0.0807033819216594,47.839314661813624,36.987460676896035,53.62919647332305,10.82789562011639,7.7532728662412564,16.854133362792577,0.9618055555555556,0.7673611111111112
LFTA,0.2,0.1,288,24,-0.6185648908077999,-0.7474410150599425,-0.4337352538225605,-0.08138878306958122,-0.1295867704516659,-0.039050512816020164,46.128299917433694,35.19161895134301,52.6423120420734,7.8164772162694245,3.829787036330745,12.154163911959792,0.9409722222222222,0.6666666666666666
LFTA,0.2,0.2,288,24,-0.5267692304111943,-0.6562375917272801,-0.3008837768988048,-0.026382671626027122,-0.07485293207785776,0.05866320738646764,40.94903080832169,25.983620812080975,48.12003969790878,2.603768945375251,-6.041803962918402,7.212006233107015,0.8888888888888888,0.5590277777777778
LFTA,0.4,0.0,288,24,-0.5450722381390704,-0.6715147099442655,-0.3693583142483334,-0.11827912809271579,-0.18118560126744856,-0.06650489409412204,42.02001018386654,30.882229274547324,48.906592556275264,11.155197280251183,6.434166335484037,16.571949919303353,0.9201388888888888,0.6770833333333334
LFTA,0.4,0.1,288,24,-0.5114568349601478,-0.6550296519630215,-0.3155425621804494,-0.0563419696799055,-0.11875569859283366,-0.011218604625463799,40.037860721336806,27.060697417792547,48.05733396614289,5.4784154544328505,1.115591074555855,11.197528004727763,0.8993055555555556,0.6041666666666666
LFTA,0.4,0.2,288,24,-0.4320561137177668,-0.5816097348223934,-0.23383567160688928,0.043447227689051335,-0.03730504502306765,0.1945277036451656,35.08270518445078,20.850813020335924,44.10021963040891,-4.4404877198774395,-21.473713506545657,3.6617784428222055,0.8645833333333334,0.4652777777777778
SBTA,0.0,0.0,288,24,-0.3611955996695011,-0.45835243817130555,-0.22022243710150377,-0.047751590736283864,-0.08294860733036044,-0.0382742677044607,30.31573170628057,19.7659692140696,36.76754183878261,4.662941625019856,3.7551063971494547,7.960155226197429,0.9027777777777778,0.8194444444444444
SBTA,0.0,0.1,288,24,-0.3937304184794632,-0.5399158464706104,-0.2616351127926306,-0.12299511537583319,-0.33415199868856266,-0.06988543556103899,32.54641258614227,23.020814033033453,41.72027052403114,11.573201813297407,6.7499354800110485,28.40550487373389,0.9722222222222222,0.9236111111111112
SBTA,0.0,0.2,288,24,-0.38216225973992324,-0.5308696268765515,-0.19953109794965548,-0.17558337359715254,-0.598251545500238,-0.08996058596746911,31.761567928048684,18.088525237233966,41.19066745209311,16.103255347642488,8.603279230541471,45.022795235804914,0.8263888888888888,0.8263888888888888
SBTA,0.2,0.0,288,24,-0.21356327537971037,-0.301110563834535,-0.12692587837181604,-0.039364195036002386,-0.05654871383912953,-0.022300697313026287,19.229894905708832,11.920104356959161,26.000404856637893,3.8599491913161588,2.2053874937706275,5.497955220022444,0.8298611111111112,0.6875
SBTA,0.2,0.1,288,24,-0.2953409983672838,-0.37974967184770386,-0.16801682915532742,-0.08281461665398407,-0.12951003990588641,-0.05740536571918205,25.572225330770337,15.466039178662172,31.59673795960528,7.947821918886966,5.5788759089732025,12.147423194406137,0.875,0.84375
SBTA,0.2,0.2,288,24,-0.276970526775124,-0.39570751576231333,-0.1396122073951026,-0.11272241867847443,-0.2689068347949145,-0.07549520067091259,24.192316024957684,13.030456852965411,32.67964314225258,10.660138353099413,7.27158191347389,23.57855494722826,0.8055555555555556,0.7777777777777778
SBTA,0.4,0.0,288,24,-0.15748773013254064,-0.23221961129338373,-0.0858506659687479,-0.05284980101331567,-0.07126350583956804,-0.03730822164809244,14.571270446393815,8.226873050226269,20.7227997496892,5.147753110269848,3.662084472741578,6.87835211849781,0.7673611111111112,0.6388888888888888
SBTA,0.4,0.1,288,24,-0.1908850258934404,-0.26984461475141425,-0.09252414524512687,-0.0650813294682287,-0.09371296124792089,-0.05124276747780153,17.37724225320324,8.837280076346632,23.65018785344397,6.300874472206342,4.995199822305796,8.945591382786699,0.7569444444444444,0.7152777777777778
SBTA,0.4,0.2,288,24,-0.13848409375583037,-0.24179126403522733,-0.04267845140751159,-0.04545220280073757,-0.07394202766662554,-0.01348831906436239,12.932289963847632,4.178054534755205,21.477993588563372,4.443472517570813,1.3397759312301805,7.127446733311594,0.6944444444444444,0.6180555555555556
SETA,0.0,0.0,288,24,-0.22267652548722183,-0.30270872162184526,-0.14484621155513003,-0.03273969977334332,-0.053490915599607725,-0.017562097302559747,19.962629207957693,13.484466622622726,26.11857343470616,3.2209557123391686,1.7408782493564812,5.208544779998081,0.8229166666666666,0.7326388888888888
SETA,0.0,0.1,288,24,-0.22410364106133127,-0.28950034440203903,-0.13339604990116843,-0.033665903703471396,-0.03954364143423497,-0.018497641079950364,20.076770320673777,12.488156710273046,25.136246492144675,3.310551345193813,1.8327609724256178,3.877199629348893,0.8854166666666666,0.6770833333333334
SETA,0.0,0.2,288,24,-0.19446672733039727,-0.2684326975495049,-0.09364248406593968,-0.02379132636554695,-0.050877716498274134,0.02678853931187232,17.67264296896851,8.939173898519947,23.542312102418382,2.3510543897265146,-2.7150577829033296,4.96051189589558,0.7847222222222222,0.5902777777777778
SETA,0.2,0.0,288,24,-0.17706706515704995,-0.24676450380929263,-0.11718555903254062,-0.020978700181353213,-0.034418867453531565,-0.009713225335418924,16.227639942581472,11.057986209017434,21.867532914876165,2.076017802205088,0.9666204327243411,3.383327592667673,0.8472222222222222,0.6180555555555556
SETA,0.2,0.1,288,24,-0.18257345708214573,-0.25233054376757513,-0.09703241950094343,-0.029773009050744408,-0.03993302822152961,-0.014838431184201088,16.687655713664785,9.247341590259794,22.301213287921883,2.9334159095688817,1.4728884168815237,3.9146212915477485,0.8576388888888888,0.6215277777777778
SETA,0.2,0.2,288,24,-0.1620124001372067,-0.23516097575115505,-0.06605461229399073,-0.024774703699966046,-0.04720882680649849,0.058024166471760244,14.956934098200648,6.392025856637462,20.955640286506704,2.4470329502645494,-5.974060559225425,4.611182063221153,0.7638888888888888,0.5590277777777778
SETA,0.4,0.0,288,24,-0.12715912262001908,-0.19045457411969807,-0.0856629918462721,-0.025015598386658566,-0.0346473748031534,-0.018456651702713777,11.940646090286522,8.209647992860901,17.34166948494832,2.470530111413649,1.8287370759649035,3.405402690151693,0.7916666666666666,0.6527777777777778
SETA,0.4,0.1,288,24,-0.12819228321038664,-0.1977181915886009,-0.06405857553976586,-0.02834976433050692,-0.042256645847625465,-0.012166171728719383,12.031578562347411,6.204994300926092,17.9398927158798,2.7951680493186304,1.209246308161649,4.137627779883268,0.7569444444444444,0.6180555555555556
SETA,0.4,0.2,288,24,-0.09103444317570392,-0.17143168517805313,-0.021738580565302937,0.020316717281161443,-0.021842332322099325,0.11184141777267466,8.70137357886065,2.1504000510104038,15.754218158990806,-2.052450659492333,-11.83354984479299,2.160551592277704,0.6840277777777778,0.4513888888888889
