pop,n,step_ratio,pattern,threshold_range,added_term,comparison,baseline,with_term,baseline_mean_r2,with_term_mean_r2,condition_mean_reduction,relative_reduction_percent,term_reduced_error,wilcoxon_statistic,p_value,q_value,significant,baseline_mean_r2_norm,with_term_mean_r2_norm,condition_mean_reduction_norm
500,4,1.5,random,HT1,D,P $\rightarrow$ PD,P,PD,3.665833239999999,0.5370310899999999,3.1288021500000003,85.3503677106709,True,0.0,3.89655984509591e-18,8.312661002871274e-18,True,1.8329166199999996,0.2685155449999999,1.564401075
500,4,1.5,random,HT2,D,P $\rightarrow$ PD,P,PD,3.2996193300000005,1.2836208399999998,2.01599849,61.097911255114376,True,0.0,3.89655984509591e-18,8.312661002871274e-18,True,1.6498096650000005,0.6418104199999999,1.007999245
500,4,1.5,scurve,HT1,D,P $\rightarrow$ PD,P,PD,6.81222332,1.82763652,4.9845868,73.17121835048707,True,0.0,3.89655984509591e-18,8.312661002871274e-18,True,3.40611166,0.91381826,2.4922934
500,4,1.5,scurve,HT2,D,P $\rightarrow$ PD,P,PD,7.156144069999999,3.6075202599999994,3.548623810000001,49.588490327864534,True,0.0,3.89655984509591e-18,8.312661002871274e-18,True,3.5780720349999995,1.8037601299999997,1.7743119050000005
500,4,1.5,sharp,HT1,D,P $\rightarrow$ PD,P,PD,4.0852565400000005,0.44558377,3.63967277,89.09288154520644,True,0.0,3.89655984509591e-18,8.312661002871274e-18,True,2.04262827,0.222791885,1.819836385
500,4,1.5,sharp,HT2,D,P $\rightarrow$ PD,P,PD,4.6224704800000005,1.7880866800000004,2.8343838000000003,61.31751002550481,True,0.0,3.89655984509591e-18,8.312661002871274e-18,True,2.31123524,0.8940433400000002,1.4171919000000002
500,4,1.5,zigzag,HT1,D,P $\rightarrow$ PD,P,PD,6.99624141,2.2057575299999996,4.790483879999999,68.47224958751102,True,0.0,3.89655984509591e-18,8.312661002871274e-18,True,3.498120705,1.1028787649999998,2.3952419399999996
500,4,1.5,zigzag,HT2,D,P $\rightarrow$ PD,P,PD,7.68669755,4.19597126,3.49072629,45.41256199159287,True,0.0,3.89655984509591e-18,8.312661002871274e-18,True,3.843348775,2.09798563,1.745363145
500,4,2.5,random,HT1,D,P $\rightarrow$ PD,P,PD,2.7177122799999993,1.1038901800000005,1.6138221000000004,59.38163917778672,True,0.0,3.89655984509591e-18,8.312661002871274e-18,True,1.3588561399999997,0.5519450900000002,0.8069110500000002
500,4,2.5,random,HT2,D,P $\rightarrow$ PD,P,PD,2.01212619,0.66062455,1.3515016400000002,67.16783702318392,True,0.0,3.89655984509591e-18,8.312661002871274e-18,True,1.006063095,0.330312275,0.6757508200000001
500,4,2.5,scurve,HT1,D,P $\rightarrow$ PD,P,PD,2.48035212,2.48151777,-0.0011656499999999,-0.0469953435482373,False,2515.0,0.9725715413852294,0.9829930600286004,False,1.24017606,1.240758885,-0.0005828249999999
500,4,2.5,scurve,HT2,D,P $\rightarrow$ PD,P,PD,2.22030781,1.6539434700000002,0.5663643399999999,25.508370391220662,True,42.0,1.3732250242604876e-17,2.881521362382662e-17,True,1.110153905,0.8269717350000001,0.2831821699999999
500,4,2.5,sharp,HT1,D,P $\rightarrow$ PD,P,PD,2.34576077,0.7062830800000001,1.6394776900000003,69.89108654929036,True,0.0,3.89655984509591e-18,8.312661002871274e-18,True,1.172880385,0.35314154,0.8197388450000002
500,4,2.5,sharp,HT2,D,P $\rightarrow$ PD,P,PD,1.83944143,0.5517667799999999,1.2876746499999998,70.00356896386747,True,0.0,3.89655984509591e-18,8.312661002871274e-18,True,0.919720715,0.2758833899999999,0.6438373249999999
500,4,2.5,zigzag,HT1,D,P $\rightarrow$ PD,P,PD,3.91789993,1.05348731,2.8644126200000004,73.11091837917361,True,0.0,3.89655984509591e-18,8.312661002871274e-18,True,1.958949965,0.526743655,1.4322063100000002
500,4,2.5,zigzag,HT2,D,P $\rightarrow$ PD,P,PD,2.992886299999999,0.73578173,2.25710457,75.41564709624956,True,0.0,3.89655984509591e-18,8.312661002871274e-18,True,1.4964431499999995,0.367890865,1.128552285
500,12,1.5,random,HT1,D,P $\rightarrow$ PD,P,PD,5.37815157,0.91515541,4.46299616,82.98383007453991,True,0.0,3.89655984509591e-18,8.312661002871274e-18,True,1.5525386283410545,0.2641826111569212,1.2883560171841333
500,12,1.5,random,HT2,D,P $\rightarrow$ PD,P,PD,4.353988879999999,1.6374188799999998,2.716569999999999,62.39267198128443,True,0.0,3.89655984509591e-18,8.312661002871274e-18,True,1.2568883259583186,0.4726821155720877,0.7842062103862306
500,12,1.5,scurve,HT1,D,P $\rightarrow$ PD,P,PD,7.61823189,2.7174820200000003,4.900749869999999,64.32922941651229,True,0.0,3.89655984509591e-18,8.312661002871274e-18,True,2.1991941162202457,0.7844694878824842,1.4147246283377617
500,12,1.5,scurve,HT2,D,P $\rightarrow$ PD,P,PD,8.075946620000002,4.73812857,3.3378180499999996,41.33036295378583,True,0.0,3.89655984509591e-18,8.312661002871274e-18,True,2.331324977509025,1.3677799026722783,0.9635450748367458
500,12,1.5,sharp,HT1,D,P $\rightarrow$ PD,P,PD,4.187508670000001,0.55467936,3.63282931,86.75395315659131,True,0.0,3.89655984509591e-18,8.312661002871274e-18,True,1.2088296289291962,0.1601221389049646,1.0487074900242312
500,12,1.5,sharp,HT2,D,P $\rightarrow$ PD,P,PD,4.641565829999999,1.8641084,2.77745743,59.83880293258709,True,0.0,3.89655984509591e-18,8.312661002871274e-18,True,1.3399046407059343,0.5381217432693214,0.8017828974366131
500,12,1.5,zigzag,HT1,D,P $\rightarrow$ PD,P,PD,7.397332519999999,2.58944463,4.80788789,64.99488669734696,True,0.0,3.89655984509591e-18,8.312661002871274e-18,True,2.135425960853586,0.7475082770910655,1.387917683762521
500,12,1.5,zigzag,HT2,D,P $\rightarrow$ PD,P,PD,8.000719629999999,4.606616120000001,3.39410351,42.42247781403634,True,0.0,3.89655984509591e-18,8.312661002871274e-18,True,2.3096088160456114,1.329815528467635,0.9797932875779768
500,12,2.5,random,HT1,D,P $\rightarrow$ PD,P,PD,3.9445515,1.28551859,2.65903291,67.41027237190337,True,0.0,3.89655984509591e-18,8.312661002871274e-18,True,1.1386939351786711,0.3710972519923841,0.767596683186287
500,12,2.5,random,HT2,D,P $\rightarrow$ PD,P,PD,2.5959750400000003,0.7108620000000002,1.88511304,72.61676291001626,True,0.0,3.89655984509591e-18,8.312661002871274e-18,True,0.7493934440767749,0.2052081835283379,0.544185260548437
500,12,2.5,scurve,HT1,D,P $\rightarrow$ PD,P,PD,3.0395995099999995,3.57337989,-0.53378038,-17.56087860403689,False,0.0,3.89655984509591e-18,8.312661002871274e-18,True,0.8774567976635772,1.0315459207041475,-0.1540891230405704
500,12,2.5,scurve,HT2,D,P $\rightarrow$ PD,P,PD,3.09100627,1.4650813,1.6259249699999998,52.601801095667135,True,0.0,3.89655984509591e-18,8.312661002871274e-18,True,0.8922966510256606,0.4229325414698434,0.4693641095558171
500,12,2.5,sharp,HT1,D,P $\rightarrow$ PD,P,PD,2.53303309,0.90321936,1.62981373,64.34237817240674,True,0.0,3.89655984509591e-18,8.312661002871274e-18,True,0.7312236681888649,0.2607369703166408,0.470486697872224
500,12,2.5,sharp,HT2,D,P $\rightarrow$ PD,P,PD,1.91663053,0.67810839,1.23852214,64.61976477020846,True,0.0,3.89655984509591e-18,8.312661002871274e-18,True,0.5532835762162776,0.1957530307531218,0.3575305454631557
500,12,2.5,zigzag,HT1,D,P $\rightarrow$ PD,P,PD,4.17385844,1.3991392000000002,2.77471924,66.47851813584747,True,0.0,3.89655984509591e-18,8.312661002871274e-18,True,1.2048891469466958,0.4038966968768789,0.800992450069817
500,12,2.5,zigzag,HT2,D,P $\rightarrow$ PD,P,PD,3.14567006,1.09337204,2.0522980200000003,65.24199871107908,True,0.0,3.89655984509591e-18,8.312661002871274e-18,True,0.9080767279613732,0.3156293208092051,0.5924474071521681
500,4,1.5,random,HT1,D,PI $\rightarrow$ full PTA,PI,full PTA,3.65574807,0.5409654600000001,3.11478261,85.20233206332514,True,0.0,3.89655984509591e-18,8.312661002871274e-18,True,1.827874035,0.27048273,1.557391305
500,4,1.5,random,HT2,D,PI $\rightarrow$ full PTA,PI,full PTA,3.29992745,1.2946597200000003,2.0052677299999995,60.767024741710586,True,0.0,3.89655984509591e-18,8.312661002871274e-18,True,1.649963725,0.6473298600000001,1.0026338649999995
500,4,1.5,scurve,HT1,D,PI $\rightarrow$ full PTA,PI,full PTA,6.8214852399999995,1.8241001100000005,4.9973851300000005,73.25948754819854,True,0.0,3.89655984509591e-18,8.312661002871274e-18,True,3.4107426199999997,0.9120500550000002,2.4986925650000003
500,4,1.5,scurve,HT2,D,PI $\rightarrow$ full PTA,PI,full PTA,7.191550970000001,3.613848490000001,3.5777024799999997,49.7486911366492,True,0.0,3.89655984509591e-18,8.312661002871274e-18,True,3.5957754850000003,1.8069242450000005,1.7888512399999998
500,4,1.5,sharp,HT1,D,PI $\rightarrow$ full PTA,PI,full PTA,4.08335689,0.45087873,3.63247816,88.95813561865762,True,0.0,3.89655984509591e-18,8.312661002871274e-18,True,2.041678445,0.225439365,1.81623908
500,4,1.5,sharp,HT2,D,PI $\rightarrow$ full PTA,PI,full PTA,4.63672151,1.7829084099999997,2.853813099999999,61.5480807688189,True,0.0,3.89655984509591e-18,8.312661002871274e-18,True,2.318360755,0.8914542049999998,1.4269065499999996
500,4,1.5,zigzag,HT1,D,PI $\rightarrow$ full PTA,PI,full PTA,6.898168579999999,2.2152617099999996,4.68290687,67.88623408794687,True,0.0,3.89655984509591e-18,8.312661002871274e-18,True,3.4490842899999996,1.1076308549999998,2.341453435
500,4,1.5,zigzag,HT2,D,PI $\rightarrow$ full PTA,PI,full PTA,7.674682279999998,4.2101738200000005,3.4645084599999993,45.14204410817643,True,0.0,3.89655984509591e-18,8.312661002871274e-18,True,3.837341139999999,2.1050869100000003,1.7322542299999997
500,4,2.5,random,HT1,D,PI $\rightarrow$ full PTA,PI,full PTA,2.71613794,1.10863911,1.60749883,59.1832545146805,True,0.0,3.89655984509591e-18,8.312661002871274e-18,True,1.35806897,0.554319555,0.803749415
500,4,2.5,random,HT2,D,PI $\rightarrow$ full PTA,PI,full PTA,2.00382192,0.6604480300000002,1.34337389,67.04058262822078,True,0.0,3.89655984509591e-18,8.312661002871274e-18,True,1.00191096,0.3302240150000001,0.671686945
500,4,2.5,scurve,HT1,D,PI $\rightarrow$ full PTA,PI,full PTA,2.48144327,2.4831859,-0.0017426299999999,-0.0702264694529964,False,2445.0,0.7832655420427076,0.8794560472058471,False,1.240721635,1.24159295,-0.0008713149999999
500,4,2.5,scurve,HT2,D,PI $\rightarrow$ full PTA,PI,full PTA,2.21660717,1.6790808599999998,0.53752631,24.24995810150699,True,53.0,1.9034507848001754e-17,3.929704846039072e-17,True,1.108303585,0.8395404299999999,0.268763155
500,4,2.5,sharp,HT1,D,PI $\rightarrow$ full PTA,PI,full PTA,2.35055863,0.7040420599999999,1.64651657,70.04788346845022,True,0.0,3.89655984509591e-18,8.312661002871274e-18,True,1.175279315,0.3520210299999999,0.823258285
500,4,2.5,sharp,HT2,D,PI $\rightarrow$ full PTA,PI,full PTA,1.87116417,0.5629148800000001,1.3082492900000002,69.91632861375281,True,0.0,3.89655984509591e-18,8.312661002871274e-18,True,0.935582085,0.28145744,0.6541246450000001
500,4,2.5,zigzag,HT1,D,PI $\rightarrow$ full PTA,PI,full PTA,3.910521750000001,1.05212106,2.85840069,73.09512317633828,True,0.0,3.89655984509591e-18,8.312661002871274e-18,True,1.9552608750000005,0.52606053,1.429200345
500,4,2.5,zigzag,HT2,D,PI $\rightarrow$ full PTA,PI,full PTA,2.97955708,0.7171075600000002,2.26244952,75.93241073267171,True,0.0,3.89655984509591e-18,8.312661002871274e-18,True,1.48977854,0.3585537800000001,1.13122476
500,12,1.5,random,HT1,D,PI $\rightarrow$ full PTA,PI,full PTA,5.375333750000002,0.92019635,4.4551374,82.88113086931575,True,0.0,3.89655984509591e-18,8.312661002871274e-18,True,1.551725193773291,0.2656378051899055,1.2860873885833848
500,12,1.5,random,HT2,D,PI $\rightarrow$ full PTA,PI,full PTA,4.355125470000001,1.642499,2.71262647,62.28583972346495,True,0.0,3.89655984509591e-18,8.312661002871274e-18,True,1.257216431229548,0.4741486198968456,0.7830678113327022
500,12,1.5,scurve,HT1,D,PI $\rightarrow$ full PTA,PI,full PTA,7.532943100000001,2.7383170600000004,4.79462604,63.648775469975334,True,0.0,3.89655984509591e-18,8.312661002871274e-18,True,2.1745733632875672,0.7904840458587725,1.3840893174287947
500,12,1.5,scurve,HT2,D,PI $\rightarrow$ full PTA,PI,full PTA,8.05320508,4.7561174,3.29708768,40.941310288847134,True,0.0,3.89655984509591e-18,8.312661002871274e-18,True,2.324760060388631,1.3729728305937317,0.9517872297948996
500,12,1.5,sharp,HT1,D,PI $\rightarrow$ full PTA,PI,full PTA,4.199964690000001,0.5555092899999999,3.6444553999999982,86.77347713606606,True,0.0,3.89655984509591e-18,8.312661002871274e-18,True,1.2124253721792118,0.1603617190594189,1.0520636531197922
500,12,1.5,sharp,HT2,D,PI $\rightarrow$ full PTA,PI,full PTA,4.63879997,1.86900783,2.769792139999999,59.70923855119364,True,0.0,3.89655984509591e-18,8.312661002871274e-18,True,1.339106205698164,0.5395360868840091,0.7995701188141545
500,12,1.5,zigzag,HT1,D,PI $\rightarrow$ full PTA,PI,full PTA,7.396641939999999,2.60646643,4.79017551,64.76148972543074,True,0.0,3.89655984509591e-18,8.312661002871274e-18,True,2.135226607579138,0.7524220474971114,1.3828045600820265
500,12,1.5,zigzag,HT2,D,PI $\rightarrow$ full PTA,PI,full PTA,7.997659349999999,4.622464310000001,3.3751950400000004,42.20228559747297,True,0.0,3.89655984509591e-18,8.312661002871274e-18,True,2.3087253893047137,1.3343905068489692,0.9743348824557452
500,12,2.5,random,HT1,D,PI $\rightarrow$ full PTA,PI,full PTA,3.9479886,1.2873050499999998,2.6606835500000003,67.39339495559841,True,0.0,3.89655984509591e-18,8.312661002871274e-18,True,1.139686140483787,0.3716129585733323,0.7680731819104547
500,12,2.5,random,HT2,D,PI $\rightarrow$ full PTA,PI,full PTA,2.59661174,0.71411746,1.88249428,72.49810400995877,True,0.0,3.89655984509591e-18,8.312661002871274e-18,True,0.7495772435349713,0.2061479538820059,0.5434292896529654
500,12,2.5,scurve,HT1,D,PI $\rightarrow$ full PTA,PI,full PTA,3.0360414899999997,3.6190408,-0.5829993099999999,-19.20261340038538,False,0.0,3.89655984509591e-18,8.312661002871274e-18,True,0.8764296857611862,1.0447270900441197,-0.168297404282933
500,12,2.5,scurve,HT2,D,PI $\rightarrow$ full PTA,PI,full PTA,3.11746683,1.55071586,1.5667509700000002,50.25718172597205,True,0.0,3.89655984509591e-18,8.312661002871274e-18,True,0.8999351567451147,0.447653109603811,0.4522820471413037
500,12,2.5,sharp,HT1,D,PI $\rightarrow$ full PTA,PI,full PTA,2.5328818600000003,0.90345188,1.6294299800000005,64.33106911666223,True,0.0,3.89655984509591e-18,8.312661002871274e-18,True,0.7311800118482601,0.2608040930589367,0.4703759187893234
500,12,2.5,sharp,HT2,D,PI $\rightarrow$ full PTA,PI,full PTA,1.90875413,0.67938421,1.22936992,64.40692914178528,True,0.0,3.89655984509591e-18,8.312661002871274e-18,True,0.551009855386155,0.1961213282633406,0.3548885271228143
500,12,2.5,zigzag,HT1,D,PI $\rightarrow$ full PTA,PI,full PTA,4.17550417,1.39944787,2.7760562999999996,66.48433786619832,True,0.0,3.89655984509591e-18,8.312661002871274e-18,True,1.2053642282759525,0.4039858022306742,0.8013784260452782
500,12,2.5,zigzag,HT2,D,PI $\rightarrow$ full PTA,PI,full PTA,3.1878216800000003,1.0918027099999998,2.09601897,65.75082236092953,True,0.0,3.89655984509591e-18,8.312661002871274e-18,True,0.9202448525382628,0.3151762942602314,0.6050685582780311
500,4,1.5,random,HT1,I,P $\rightarrow$ PI,P,PI,3.665833239999999,3.65574807,0.01008517,0.2751126235082106,True,2173.0,0.2261675012037366,0.3574004957293616,False,1.8329166199999996,1.827874035,0.005042585
500,4,1.5,random,HT2,I,P $\rightarrow$ PI,P,PI,3.2996193300000005,3.29992745,-0.00030812,-0.0093380468831233,False,2466.0,0.8392435483441993,0.902715749479475,False,1.6498096650000005,1.649963725,-0.00015406
500,4,1.5,scurve,HT1,I,P $\rightarrow$ PI,P,PI,6.81222332,6.8214852399999995,-0.00926192,-0.1359603108255125,False,2278.0,0.3957331638521872,0.5691443255402244,False,3.40611166,3.4107426199999997,-0.00463096
500,4,1.5,scurve,HT2,I,P $\rightarrow$ PI,P,PI,7.156144069999999,7.191550970000001,-0.0354069,-0.4947762321951133,False,1964.0,0.0537432483801821,0.0955435526758793,False,3.5780720349999995,3.5957754850000003,-0.01770345
500,4,1.5,sharp,HT1,I,P $\rightarrow$ PI,P,PI,4.0852565400000005,4.08335689,0.00189965,0.0465001397439784,True,2375.0,0.6060299176865905,0.7336125220658085,False,2.04262827,2.041678445,0.000949825
500,4,1.5,sharp,HT2,I,P $\rightarrow$ PI,P,PI,4.6224704800000005,4.63672151,-0.0142510299999999,-0.3082989942642096,False,2057.0,0.1075866010971145,0.1811984860582981,False,2.31123524,2.318360755,-0.0071255149999999
500,4,1.5,zigzag,HT1,I,P $\rightarrow$ PI,P,PI,6.99624141,6.898168579999999,0.09807283,1.4017931093661335,True,440.0,7.559872298793198e-13,1.5359740543579832e-12,True,3.498120705,3.4490842899999996,0.049036415
500,4,1.5,zigzag,HT2,I,P $\rightarrow$ PI,P,PI,7.68669755,7.674682279999998,0.0120152699999999,0.156312511606496,True,2357.0,0.5635081585027861,0.7129863986325891,False,3.843348775,3.837341139999999,0.0060076349999999
500,4,2.5,random,HT1,I,P $\rightarrow$ PI,P,PI,2.7177122799999993,2.71613794,0.0015743399999999,0.0579288694975464,True,2324.0,0.4895006306680896,0.6526675075574527,False,1.3588561399999997,1.35806897,0.0007871699999999
500,4,2.5,random,HT2,I,P $\rightarrow$ PI,P,PI,2.01212619,2.00382192,0.0083042699999999,0.4127111928303062,True,2165.0,0.2157913619929484,0.3537866152644963,False,1.006063095,1.00191096,0.0041521349999999
500,4,2.5,scurve,HT1,I,P $\rightarrow$ PI,P,PI,2.48035212,2.48144327,-0.00109115,-0.0439917377537512,False,2508.0,0.9533889759974612,0.9829930600286004,False,1.24017606,1.240721635,-0.000545575
500,4,2.5,scurve,HT2,I,P $\rightarrow$ PI,P,PI,2.22030781,2.21660717,0.0037006399999999,0.1666723858436546,True,2342.0,0.5292093269572754,0.6912121821482781,False,1.110153905,1.108303585,0.0018503199999999
500,4,2.5,sharp,HT1,I,P $\rightarrow$ PI,P,PI,2.34576077,2.35055863,-0.0047978599999999,-0.204533218449211,False,2406.0,0.6824217651170663,0.8087961660646712,False,1.172880385,1.175279315,-0.0023989299999999
500,4,2.5,sharp,HT2,I,P $\rightarrow$ PI,P,PI,1.83944143,1.87116417,-0.0317227399999999,-1.724585490063687,False,1546.0,0.0007623353083655,0.00147846847683,True,0.919720715,0.935582085,-0.0158613699999999
500,4,2.5,zigzag,HT1,I,P $\rightarrow$ PI,P,PI,3.91789993,3.910521750000001,0.00737818,0.1883197665030715,True,2312.0,0.4639469189039841,0.6317575065926592,False,1.958949965,1.9552608750000005,0.00368909
500,4,2.5,zigzag,HT2,I,P $\rightarrow$ PI,P,PI,2.992886299999999,2.97955708,0.01332922,0.4453633938582977,True,2231.0,0.3120798490408729,0.4755502461575207,False,1.4964431499999995,1.48977854,0.00666461
500,12,1.5,random,HT1,I,P $\rightarrow$ PI,P,PI,5.37815157,5.375333750000002,0.0028178199999999,0.0523938376098973,True,2515.0,0.9725715413852294,0.9829930600286004,False,1.5525386283410545,1.551725193773291,0.0008134345677639
500,12,1.5,random,HT2,I,P $\rightarrow$ PI,P,PI,4.353988879999999,4.355125470000001,-0.0011365899999999,-0.0261045682780887,False,2459.0,0.8204786096104631,0.8900106951706719,False,1.2568883259583186,1.257216431229548,-0.000328105271229
500,12,1.5,scurve,HT1,I,P $\rightarrow$ PI,P,PI,7.61823189,7.532943100000001,0.08528879,1.119535231159786,True,1214.0,6.555148111526927e-06,1.2908599358083794e-05,True,2.1991941162202457,2.1745733632875672,0.0246207529326787
500,12,1.5,scurve,HT2,I,P $\rightarrow$ PI,P,PI,8.075946620000002,8.05320508,0.0227415399999999,0.2815959672601196,True,2247.0,0.339145847016118,0.5047752141635246,False,2.331324977509025,2.324760060388631,0.0065649171203932
500,12,1.5,sharp,HT1,I,P $\rightarrow$ PI,P,PI,4.187508670000001,4.199964690000001,-0.0124560199999999,-0.2974565781615437,False,2030.0,0.0887608426684964,0.1514851714875672,False,1.2088296289291962,1.2124253721792118,-0.0035957432500156
500,12,1.5,sharp,HT2,I,P $\rightarrow$ PI,P,PI,4.641565829999999,4.63879997,0.00276586,0.0595889426392135,True,2334.0,0.511360943044574,0.6747855743268606,False,1.3399046407059343,1.339106205698164,0.0007984350077704
500,12,1.5,zigzag,HT1,I,P $\rightarrow$ PI,P,PI,7.397332519999999,7.396641939999999,0.0006905799999999,0.0093355273422259,True,2506.0,0.947912712213223,0.9829930600286004,False,2.135425960853586,2.135226607579138,0.0001993532744484
500,12,1.5,zigzag,HT2,I,P $\rightarrow$ PI,P,PI,8.000719629999999,7.997659349999999,0.0030602799999999,0.038250059263731,True,2423.0,0.7258065723197727,0.8294932255083117,False,2.3096088160456114,2.3087253893047137,0.0008834267408977
500,12,2.5,random,HT1,I,P $\rightarrow$ PI,P,PI,3.9445515,3.9479886,-0.0034370999999999,-0.087135381550981,False,2419.0,0.7155127213140642,0.8294932255083117,False,1.1386939351786711,1.139686140483787,-0.0009922053051158
500,12,2.5,random,HT2,I,P $\rightarrow$ PI,P,PI,2.5959750400000003,2.59661174,-0.0006367,-0.024526429961361,False,2519.0,0.9835408496499785,0.9835408496499785,False,0.7493934440767749,0.7495772435349713,-0.0001837994581965
500,12,2.5,scurve,HT1,I,P $\rightarrow$ PI,P,PI,3.0395995099999995,3.0360414899999997,0.00355802,0.117055552492835,True,2211.0,0.2803051943535077,0.4322778900873372,False,0.8774567976635772,0.8764296857611862,0.001027111902391
500,12,2.5,scurve,HT2,I,P $\rightarrow$ PI,P,PI,3.09100627,3.11746683,-0.02646056,-0.8560500267118517,False,2182.0,0.2382606585642236,0.3719190767831783,False,0.8922966510256606,0.8999351567451147,-0.0076385057194541
500,12,2.5,sharp,HT1,I,P $\rightarrow$ PI,P,PI,2.53303309,2.5328818600000003,0.00015123,0.0059703128473544,True,2516.0,0.975313426747127,0.9829930600286004,False,0.7312236681888649,0.7311800118482601,4.365634060477355e-05
500,12,2.5,sharp,HT2,I,P $\rightarrow$ PI,P,PI,1.91663053,1.90875413,0.0078764,0.4109503567179435,True,2171.0,0.2235406850972181,0.3574004957293616,False,0.5532835762162776,0.551009855386155,0.0022737208301225
500,12,2.5,zigzag,HT1,I,P $\rightarrow$ PI,P,PI,4.17385844,4.17550417,-0.0016457299999999,-0.0394294637361957,False,2442.0,0.7753522914731348,0.878275162022666,False,1.2048891469466958,1.2053642282759525,-0.0004750813292566
500,12,2.5,zigzag,HT2,I,P $\rightarrow$ PI,P,PI,3.14567006,3.1878216800000003,-0.04215162,-1.3399885937179314,False,954.0,6.604603425472361e-08,1.3209206850944722e-07,True,0.9080767279613732,0.9202448525382628,-0.0121681245768894
500,4,1.5,random,HT1,I,PD $\rightarrow$ full PTA,PD,full PTA,0.5370310899999999,0.5409654600000001,-0.0039343699999999,-0.7326149404124805,False,2238.0,0.3237410722388395,0.487515967606723,False,0.2685155449999999,0.27048273,-0.0019671849999999
500,4,1.5,random,HT2,I,PD $\rightarrow$ full PTA,PD,full PTA,1.2836208399999998,1.2946597200000003,-0.0110388799999999,-0.8599798052515258,False,2123.0,0.1669082781325895,0.2774579168957333,False,0.6418104199999999,0.6473298600000001,-0.0055194399999999
500,4,1.5,scurve,HT1,I,PD $\rightarrow$ full PTA,PD,full PTA,1.82763652,1.8241001100000005,0.00353641,0.1934963523272127,True,2375.0,0.6060299176865905,0.7336125220658085,False,0.91381826,0.9120500550000002,0.001768205
500,4,1.5,scurve,HT2,I,PD $\rightarrow$ full PTA,PD,full PTA,3.6075202599999994,3.613848490000001,-0.0063282299999999,-0.175417725859147,False,2483.0,0.8851770022716838,0.9363855891799632,False,1.8037601299999997,1.8069242450000005,-0.0031641149999999
500,4,1.5,sharp,HT1,I,PD $\rightarrow$ full PTA,PD,full PTA,0.44558377,0.45087873,-0.00529496,-1.1883197630829343,False,2350.0,0.5473692910808176,0.7077097904883297,False,0.222791885,0.225439365,-0.00264748
500,4,1.5,sharp,HT2,I,PD $\rightarrow$ full PTA,PD,full PTA,1.7880866800000004,1.7829084099999997,0.00517827,0.2895983767408867,True,2354.0,0.5565634724328369,0.7124012447140312,False,0.8940433400000002,0.8914542049999998,0.002589135
500,4,1.5,zigzag,HT1,I,PD $\rightarrow$ full PTA,PD,full PTA,2.2057575299999996,2.2152617099999996,-0.00950418,-0.4308805419787012,False,2289.0,0.4171103591647601,0.5803274562292315,False,1.1028787649999998,1.1076308549999998,-0.00475209
500,4,1.5,zigzag,HT2,I,PD $\rightarrow$ full PTA,PD,full PTA,4.19597126,4.2101738200000005,-0.01420256,-0.3384808693851733,False,2318.0,0.4766299783790922,0.6421961813949875,False,2.09798563,2.1050869100000003,-0.00710128
500,4,2.5,random,HT1,I,PD $\rightarrow$ full PTA,PD,full PTA,1.1038901800000005,1.10863911,-0.00474893,-0.4301994968376296,False,2300.0,0.439153713588891,0.6044266165524521,False,0.5519450900000002,0.554319555,-0.002374465
500,4,2.5,random,HT2,I,PD $\rightarrow$ full PTA,PD,full PTA,0.66062455,0.6604480300000002,0.00017652,0.0267201695728689,True,2505.0,0.9451754865571346,0.9829930600286004,False,0.330312275,0.3302240150000001,8.826e-05
500,4,2.5,scurve,HT1,I,PD $\rightarrow$ full PTA,PD,full PTA,2.48151777,2.4831859,-0.00166813,-0.0672221662148326,False,2449.0,0.7938513827119553,0.8835911042359155,False,1.240758885,1.24159295,-0.000834065
500,4,2.5,scurve,HT2,I,PD $\rightarrow$ full PTA,PD,full PTA,1.6539434700000002,1.6790808599999998,-0.02513739,-1.5198457780422203,False,2363.0,0.5775215365287132,0.717696666754129,False,0.8269717350000001,0.8395404299999999,-0.012568695
500,4,2.5,sharp,HT1,I,PD $\rightarrow$ full PTA,PD,full PTA,0.7062830800000001,0.7040420599999999,0.0022410199999999,0.3172977044841564,True,2287.0,0.4131737394579021,0.5803274562292315,False,0.35314154,0.3520210299999999,0.0011205099999999
500,4,2.5,sharp,HT2,I,PD $\rightarrow$ full PTA,PD,full PTA,0.5517667799999999,0.5629148800000001,-0.0111481,-2.020436967952294,False,1916.0,0.0362653406125505,0.0663137656915209,False,0.2758833899999999,0.28145744,-0.00557405
500,4,2.5,zigzag,HT1,I,PD $\rightarrow$ full PTA,PD,full PTA,1.05348731,1.05212106,0.00136625,0.1296883205930611,True,2422.0,0.7232283767760339,0.8294932255083117,False,0.526743655,0.52606053,0.000683125
500,4,2.5,zigzag,HT2,I,PD $\rightarrow$ full PTA,PD,full PTA,0.73578173,0.7171075600000002,0.01867417,2.5380040355174356,True,1990.0,0.0658411207762094,0.1154474446486961,False,0.367890865,0.3585537800000001,0.009337085
500,12,1.5,random,HT1,I,PD $\rightarrow$ full PTA,PD,full PTA,0.91515541,0.92019635,-0.0050409399999999,-0.550828847747291,False,2458.0,0.817806007749672,0.8900106951706719,False,0.2641826111569212,0.2656378051899055,-0.0014551940329843
500,12,1.5,random,HT2,I,PD $\rightarrow$ full PTA,PD,full PTA,1.6374188799999998,1.642499,-0.00508012,-0.3102517054157824,False,2224.0,0.3809955676346966,0.5605452029567951,False,0.4726821155720877,0.4741486198968456,-0.0014665043247578
500,12,1.5,scurve,HT1,I,PD $\rightarrow$ full PTA,PD,full PTA,2.7174820200000003,2.7383170600000004,-0.02083504,-0.7667038768484662,False,2012.0,0.0777554441909959,0.1344959034655065,False,0.7844694878824842,0.7904840458587725,-0.0060145579762883
500,12,1.5,scurve,HT2,I,PD $\rightarrow$ full PTA,PD,full PTA,4.73812857,4.7561174,-0.0179888299999999,-0.3796610778757311,False,2284.0,0.407310248043495,0.579285686106304,False,1.3677799026722783,1.3729728305937317,-0.0051929279214531
500,12,1.5,sharp,HT1,I,PD $\rightarrow$ full PTA,PD,full PTA,0.55467936,0.5555092899999999,-0.00082993,-0.1496233788111397,False,2378.0,0.6132542176643868,0.7336125220658085,False,0.1601221389049646,0.1603617190594189,-0.0002395801544542
500,12,1.5,sharp,HT2,I,PD $\rightarrow$ full PTA,PD,full PTA,1.8641084,1.86900783,-0.0048994299999999,-0.2628296723516719,False,2376.0,0.6084337865773708,0.7336125220658085,False,0.5381217432693214,0.5395360868840091,-0.0014143436146878
500,12,1.5,zigzag,HT1,I,PD $\rightarrow$ full PTA,PD,full PTA,2.58944463,2.60646643,-0.0170218,-0.6573533105436594,False,1704.0,0.0047596653931303,0.0089245573837556,True,0.7475082770910655,0.7524220474971114,-0.0049137704060459
500,12,1.5,zigzag,HT2,I,PD $\rightarrow$ full PTA,PD,full PTA,4.606616120000001,4.622464310000001,-0.01584819,-0.3440310541873421,False,2274.0,0.3881267260191617,0.5645479651187807,False,1.329815528467635,1.3343905068489692,-0.0045749783813341
500,12,2.5,random,HT1,I,PD $\rightarrow$ full PTA,PD,full PTA,1.28551859,1.2873050499999998,-0.00178646,-0.1389680409055775,False,2359.0,0.5681610364103444,0.7129863986325891,False,0.3710972519923841,0.3716129585733323,-0.0005157065809482
500,12,2.5,random,HT2,I,PD $\rightarrow$ full PTA,PD,full PTA,0.7108620000000002,0.71411746,-0.0032554599999999,-0.4579594914343426,False,2167.0,0.2183526766085562,0.3537866152644963,False,0.2052081835283379,0.2061479538820059,-0.000939770353668
500,12,2.5,scurve,HT1,I,PD $\rightarrow$ full PTA,PD,full PTA,3.57337989,3.6190408,-0.04566091,-1.277807325433849,False,1946.0,0.0465039699256207,0.0838381429644993,False,1.0315459207041475,1.0447270900441197,-0.0131811693399716
500,12,2.5,scurve,HT2,I,PD $\rightarrow$ full PTA,PD,full PTA,1.4650813,1.55071586,-0.0856345599999999,-5.845038087647419,False,1674.0,0.0034333499852345,0.0065592357926869,True,0.4229325414698434,0.447653109603811,-0.0247205681339675
500,12,2.5,sharp,HT1,I,PD $\rightarrow$ full PTA,PD,full PTA,0.90321936,0.90345188,-0.00023252,-0.0257434694491051,False,1705.0,0.0048108942146807,0.0089245573837556,True,0.2607369703166408,0.2608040930589367,-6.71227422959859e-05
500,12,2.5,sharp,HT2,I,PD $\rightarrow$ full PTA,PD,full PTA,0.67810839,0.67938421,-0.0012758199999999,-0.188143963238679,False,2476.0,0.8662073147584464,0.923954469075676,False,0.1957530307531218,0.1961213282633406,-0.0003682975102187
500,12,2.5,zigzag,HT1,I,PD $\rightarrow$ full PTA,PD,full PTA,1.3991392000000002,1.39944787,-0.0003086699999999,-0.0220614217656111,False,2413.0,0.7001689715399704,0.8222167739184973,False,0.4038966968768789,0.4039858022306742,-8.910535379535203e-05
500,12,2.5,zigzag,HT2,I,PD $\rightarrow$ full PTA,PD,full PTA,1.09337204,1.0918027099999998,0.0015693299999999,0.1435311991332792,True,2456.0,0.8124671821144986,0.8900106951706719,False,0.3156293208092051,0.3151762942602314,0.0004530265489736
