t,signed_target_increment_over_LT,normalized_net_recruited_service,mean_stored_threshold_task1,mean_stored_threshold_task3
0,0.9486833413441976,0.264,4.570536136627197,5.120258808135986
1,0.9486833413441976,1.136,4.232266902923584,5.265167236328125
2,0.9486833413441976,0.9,4.156871795654297,5.393461227416992
3,0.9486833413441976,0.98,4.0105061531066895,5.526079177856445
4,0.9486833413441976,1.02,3.8895070552825928,5.655921936035156
5,0.9486833413441976,0.9,3.7861270904541016,5.77944278717041
6,0.9486833413441976,1.004,3.6445350646972656,5.907285213470459
7,0.9486833413441976,0.976,3.5372180938720703,6.030224800109863
8,0.9486833413441976,0.98,3.424412965774536,6.1507439613342285
9,0.9486833413441976,0.928,3.3155128955841064,6.268488883972168
10,0.9486833413441976,1.004,3.190088987350464,6.388071060180664
11,0.9486833413441976,0.94,3.091032028198242,6.502749919891357
12,0.9486833413441976,0.988,2.9731268882751465,6.618203163146973
13,0.9486833413441976,0.928,2.872262954711914,6.730169773101807
14,0.9486833413441976,1.02,2.7526168823242188,6.843975067138672
15,0.9486833413441976,0.94,2.665276050567627,6.9514570236206055
16,0.9486833413441976,0.976,2.5545690059661865,7.059711933135986
17,0.9486833413441976,0.976,2.456449031829834,7.16554594039917
18,0.9486833413441976,0.956,2.3607499599456787,7.268959045410156
19,0.9486833413441976,0.98,2.2600491046905518,7.371726036071777
20,0.9486833413441976,0.932,2.1689019203186035,7.47171688079834
21,0.9486833413441976,0.976,2.0627169609069824,7.573191165924072
22,0.9486833413441976,0.98,1.971379041671753,7.672244071960449
23,0.9486833413441976,0.88,1.8839459419250488,7.768520832061768
24,0.9486833413441976,0.988,1.7621769905090332,7.870893955230713
25,0.9486833413441976,0.996,1.6743930578231812,7.969780921936035
26,0.9486833413441976,0.92,1.5930639505386353,8.064472198486328
27,0.9486833413441976,0.96,1.487725019454956,8.161709785461426
28,0.9486833413441976,0.936,1.3946850299835205,8.257946968078613
29,0.9486833413441976,0.968,1.2937389612197876,8.355311393737793
30,0.9486833413441976,0.968,1.2035419940948486,8.450963020324707
31,0.9486833413441976,0.948,1.115056037902832,8.544903755187988
32,0.9486833413441976,0.968,1.020859956741333,8.638908386230469
33,0.9486833413441976,0.964,0.9340230226516724,8.731199264526367
34,0.9486833413441976,0.892,0.8474140167236328,8.822134017944336
35,0.9486833413441976,1.044,0.7354410290718079,8.918100357055664
36,0.9486833413441976,0.924,0.6748480200767517,9.005611419677734
37,0.9486833413441976,0.936,0.5781739950180054,9.095314025878906
38,0.9486833413441976,0.992,0.4837619960308075,9.18614387512207
39,0.9486833413441976,0.944,0.4090070128440857,9.27313232421875
40,0.9486833413441976,0.932,0.32027798891067505,9.3605375289917
41,0.9486833413441976,0.98,0.2266789972782135,9.44942569732666
42,0.9486833413441976,0.944,0.14941200613975525,9.535536766052246
43,0.9486833413441976,0.94,0.06156099960207939,9.622064590454102
44,0.9486833413441976,0.948,-0.02819100022315979,9.709364891052246
45,0.9486833413441976,0.964,-0.11574599891901016,9.796727180480957
46,0.9486833413441976,0.948,-0.1974249929189682,9.882732391357422
47,0.9486833413441976,0.968,-0.28368499875068665,9.968798637390137
48,0.9486833413441976,0.984,-0.36258500814437866,10.053153991699219
49,0.9486833413441976,0.912,-0.4338339865207672,10.134376525878906
50,0.9486833413441976,0.956,-0.528672993183136,10.218855857849121
51,0.9486833413441976,0.96,-0.6104379892349243,10.30268669128418
52,0.9486833413441976,0.976,-0.6900699734687805,10.385515213012695
53,0.9486833413441976,0.94,-0.7627620100975037,10.465922355651855
54,0.9486833413441976,0.968,-0.8463919758796692,10.547100067138672
55,0.9486833413441976,0.96,-0.920403003692627,10.626564979553223
56,0.9486833413441976,0.924,-0.9956700205802917,10.70502758026123
57,0.9486833413441976,0.94,-1.0832940340042114,10.78568172454834
58,0.9486833413441976,0.96,-1.1671719551086426,10.867107391357422
59,0.9486833413441976,0.956,-1.2443979978561401,10.947529792785645
60,0.9486833413441976,0.936,-1.3221060037612915,11.027303695678711
61,0.9486833413441976,0.976,-1.4065890312194824,11.10820484161377
62,0.9486833413441976,0.928,-1.4773529767990112,11.186683654785156
63,0.9486833413441976,0.928,-1.5635089874267578,11.266998291015625
64,0.9486833413441976,0.984,-1.6515010595321655,11.349148750305176
65,0.9486833413441976,0.944,-1.720546007156372,11.428167343139648
66,0.9486833413441976,0.96,-1.8013030290603638,11.50760269165039
67,0.9486833413441976,0.92,-1.876539945602417,11.586034774780273
68,0.9486833413441976,0.96,-1.9656180143356323,11.667013168334961
69,0.9486833413441976,0.968,-2.0423970222473145,11.746988296508789
70,0.9486833413441976,0.928,-2.115204095840454,11.825249671936035
71,0.9486833413441976,0.952,-2.201143980026245,11.905348777770996
72,0.9486833413441976,0.912,-2.2800118923187256,11.985154151916504
73,0.9486833413441976,1.004,-2.373431921005249,12.068214416503906
74,0.9486833413441976,0.94,-2.435965061187744,12.146368026733398
75,0.9486833413441976,0.928,-2.5173420906066895,12.22529411315918
76,0.9486833413441976,0.956,-2.603945016860962,12.306055068969727
77,0.9486833413441976,0.936,-2.6819911003112793,12.386167526245117
78,0.9486833413441976,0.968,-2.766813039779663,12.4674072265625
79,0.9486833413441976,0.976,-2.84088397026062,12.546934127807617
80,0.9486833413441976,0.912,-2.910274028778076,12.624037742614746
81,0.9486833413441976,0.932,-3.000993013381958,12.704398155212402
82,0.9486833413441976,0.984,-3.0875449180603027,12.786237716674805
83,0.9486833413441976,0.952,-3.1562790870666504,12.864946365356445
84,0.9486833413441976,0.936,-3.2337570190429688,12.943361282348633
85,0.9486833413441976,0.952,-3.316879987716675,13.02290153503418
86,0.9486833413441976,0.932,-3.395190954208374,13.10214900970459
87,0.9486833413441976,0.964,-3.480631113052368,13.182877540588379
88,0.9486833413441976,0.924,-3.5556750297546387,13.262248039245605
89,0.9486833413441976,0.976,-3.644207000732422,13.343809127807617
90,0.9486833413441976,0.96,-3.7156310081481934,13.422947883605957
91,0.9486833413441976,0.94,-3.7905709743499756,13.501083374023438
92,0.9486833413441976,0.928,-3.871929883956909,13.57999038696289
93,0.9486833413441976,0.944,-3.958513021469116,13.66073226928711
94,0.9486833413441976,0.976,-4.040994167327881,13.741889953613281
95,0.9486833413441976,0.936,-4.112016201019287,13.820626258850098
96,0.9486833413441976,0.928,-4.195459842681885,13.900487899780273
97,0.9486833413441976,0.972,-4.282999038696289,13.982186317443848
98,0.9486833413441976,0.956,-4.356043815612793,14.061816215515137
99,0.9486833413441976,0.94,-4.432959079742432,14.14079761505127
100,0.9486833413441976,0.96,-4.515163898468018,14.220550537109375
101,0.9486833413441976,0.952,-4.590717792510986,14.299300193786621
102,0.9486833413441976,0.928,-4.668237209320068,14.377756118774414
103,0.9486833413441976,0.964,-4.754370212554932,14.458047866821289
104,0.9486833413441976,0.948,-4.828978061676025,14.536980628967285
105,0.9486833413441976,0.932,-4.908164978027344,14.615976333618164
106,0.9486833413441976,0.956,-4.993352890014648,14.696452140808105
107,0.9486833413441976,0.956,-5.0711140632629395,14.77627944946289
108,0.9486833413441976,0.96,-5.148225784301758,14.85545825958252
109,0.9486833413441976,0.936,-5.223206043243408,14.933632850646973
110,0.9486833413441976,0.944,-5.306088924407959,15.012934684753418
111,0.9486833413441976,0.956,-5.387128829956055,15.092652320861816
112,0.9486833413441976,0.952,-5.464131832122803,15.171721458435059
113,0.9486833413441976,0.944,-5.541971206665039,15.250496864318848
114,0.9486833413441976,0.936,-5.622485160827637,15.329689025878906
115,0.9486833413441976,0.968,-5.706384181976318,15.410005569458008
116,0.9486833413441976,0.932,-5.779533863067627,15.488611221313477
117,0.9486833413441976,0.952,-5.864329814910889,15.568696022033691
118,0.9486833413441976,0.956,-5.943184852600098,15.648487091064453
119,0.9486833413441976,0.944,-6.020261764526367,15.727629661560059
120,0.9486833413441976,0.972,-6.101143836975098,15.807188987731934
121,0.9486833413441976,0.92,-6.1720499992370605,15.88468074798584
122,0.9486833413441976,0.952,-6.260187149047852,15.964716911315918
123,0.9486833413441976,0.952,-6.338993072509766,16.04446029663086
124,0.9486833413441976,0.928,-6.417506217956543,16.12390899658203
125,0.9486833413441976,0.976,-6.504631042480469,16.2051944732666
126,0.9486833413441976,0.956,-6.575778961181641,16.284055709838867
127,0.9486833413441976,0.932,-6.651926040649414,16.362268447875977
128,0.9486833413441976,0.952,-6.736330986022949,16.44196319580078
129,0.9486833413441976,0.944,-6.814795017242432,16.5213623046875
130,0.9486833413441976,0.968,-6.895934104919434,16.601179122924805
131,0.9486833413441976,0.92,-6.9685821533203125,16.679283142089844
132,0.9486833413441976,0.96,-7.057331085205078,16.759931564331055
133,0.9486833413441976,0.96,-7.133780002593994,16.839576721191406
134,0.9486833413441976,0.948,-7.209225177764893,16.918216705322266
135,0.9486833413441976,0.948,-7.288121223449707,16.996919631958008
136,0.9486833413441976,0.944,-7.367076873779297,17.07568359375
137,0.9486833413441976,0.916,-7.447579860687256,17.154863357543945
138,0.9486833413441976,0.984,-7.5388898849487305,17.236942291259766
139,0.9486833413441976,0.948,-7.607862949371338,17.315889358520508
140,0.9486833413441976,0.964,-7.687064170837402,17.394899368286133
141,0.9486833413441976,0.896,-7.7603888511657715,17.472549438476562
142,0.9486833413441976,0.984,-7.857591152191162,17.554872512817383
143,0.9486833413441976,0.94,-7.926808834075928,17.634065628051758
144,0.9486833413441976,0.976,-8.009223937988281,17.714027404785156
145,0.9486833413441976,0.92,-8.079049110412598,17.791566848754883
146,0.9486833413441976,0.952,-8.167234420776367,17.87165069580078
147,0.9486833413441976,0.972,-8.246088027954102,17.95144271850586
148,0.9486833413441976,0.908,-8.31722640991211,18.029165267944336
149,0.9486833413441976,0.988,-8.41004753112793,18.110498428344727
150,0.9486833413441976,0.932,-8.476790428161621,18.18834114074707
151,0.9486833413441976,0.92,-8.560826301574707,18.267667770385742
152,0.9486833413441976,0.996,-8.650796890258789,18.349538803100586
153,0.9486833413441976,0.932,-8.715107917785645,18.42721176147461
154,0.9486833413441976,0.92,-8.798973083496094,18.506366729736328
155,0.9486833413441976,0.972,-8.888772964477539,18.588064193725586
156,0.9486833413441976,0.976,-8.96181869506836,18.667694091796875
157,0.9486833413441976,0.924,-9.031311988830566,18.744903564453125
158,0.9486833413441976,0.968,-9.117680549621582,18.82430076599121
159,0.9486833413441976,0.916,-9.189909934997559,18.90198516845703
160,0.9486833413441976,0.956,-9.279725074768066,18.98257064819336
161,0.9486833413441976,0.968,-9.357593536376953,19.0625057220459
162,0.9486833413441976,0.916,-9.4303617477417,19.140729904174805
163,0.9486833413441976,0.992,-9.520713806152344,19.221851348876953
164,0.9486833413441976,0.908,-9.585761070251465,19.299131393432617
165,0.9486833413441976,0.944,-9.678139686584473,19.380020141601562
166,0.9486833413441976,0.968,-9.760767936706543,19.461326599121094
167,0.9486833413441976,0.968,-9.834905624389648,19.540918350219727
168,0.9486833413441976,0.956,-9.907328605651855,19.618797302246094
169,0.9486833413441976,0.896,-9.98249340057373,19.696027755737305
170,0.9486833413441976,0.972,-10.079276084899902,19.777931213378906
171,0.9486833413441976,0.976,-10.15252685546875,19.857769012451172
172,0.9486833413441976,0.936,-10.2222261428833,19.935182571411133
173,0.9486833413441976,0.96,-10.304346084594727,20.01371955871582
174,0.9486833413441976,0.936,-10.37868595123291,20.09125518798828
175,0.9486833413441976,0.92,-10.460927963256836,20.1699161529541
176,0.9486833413441976,0.98,-10.550233840942383,20.251121520996094
177,0.9486833413441976,0.968,-10.619817733764648,20.32954978942871
178,0.9486833413441976,0.912,-10.69107723236084,20.40626335144043
179,0.9486833413441976,0.94,-10.781405448913574,20.48623275756836
180,0.9486833413441976,0.944,-10.86459732055664,20.566972732543945
181,0.9486833413441976,0.984,-10.947074890136719,20.648128509521484
182,0.9486833413441976,0.92,-11.015124320983887,20.726150512695312
183,0.9486833413441976,0.972,-11.103792190551758,20.806718826293945
184,0.9486833413441976,0.936,-11.17570686340332,20.885217666625977
185,0.9486833413441976,0.98,-11.25891399383545,20.964841842651367
186,0.9486833413441976,0.924,-11.326916694641113,21.041688919067383
187,0.9486833413441976,0.928,-11.412923812866211,21.120725631713867
188,0.9486833413441976,0.964,-11.499637603759766,21.20159912109375
189,0.9486833413441976,0.972,-11.57482624053955,21.281112670898438
190,0.9486833413441976,0.928,-11.645687103271484,21.358558654785156
191,0.9486833413441976,0.928,-11.730809211730957,21.43783950805664
192,0.9486833413441976,0.956,-11.817766189575195,21.51895523071289
193,0.9486833413441976,0.972,-11.896166801452637,21.599422454833984
194,0.9486833413441976,0.936,-11.967981338500977,21.677820205688477
195,0.9486833413441976,0.952,-12.051087379455566,21.75734519958496
196,0.9486833413441976,0.956,-12.12938117980957,21.836576461791992
197,0.9486833413441976,0.948,-12.205896377563477,21.915157318115234
198,0.9486833413441976,0.932,-12.2847318649292,21.993799209594727
199,0.9486833413441976,0.96,-12.369565963745117,22.073923110961914
200,0.9486833413441976,0.94,-12.445488929748535,22.15304183959961
201,0.9486833413441976,0.932,-12.527831077575684,22.23293113708496
202,0.9486833413441976,0.996,-12.613912582397461,22.314302444458008
203,0.9486833413441976,0.908,-12.677722930908203,22.391475677490234
204,0.9486833413441976,0.956,-12.769994735717773,22.472257614135742
205,0.9486833413441976,0.948,-12.848061561584473,22.55238914489746
206,0.9486833413441976,0.968,-12.928448677062988,22.632583618164062
207,0.9486833413441976,0.924,-13.00147533416748,22.7110652923584
208,0.9486833413441976,0.972,-13.089116096496582,22.791736602783203
209,0.9486833413441976,0.94,-13.161133766174316,22.870338439941406
210,0.9486833413441976,0.972,-13.242959022521973,22.9497127532959
211,0.9486833413441976,0.932,-13.313678741455078,23.02701759338379
212,0.9486833413441976,0.904,-13.397175788879395,23.105802536010742
213,0.9486833413441976,1.024,-13.492544174194336,23.18855094909668
214,0.9486833413441976,0.912,-13.547342300415039,23.264619827270508
215,0.9486833413441976,0.972,-13.637024879455566,23.343942642211914
216,0.9486833413441976,0.908,-13.707694053649902,23.42119598388672
217,0.9486833413441976,0.972,-13.800046920776367,23.502059936523438
218,0.9486833413441976,0.932,-13.872257232666016,23.580854415893555
219,0.9486833413441976,0.972,-13.957244873046875,23.661130905151367
220,0.9486833413441976,0.928,-14.0288667678833,23.739337921142578
221,0.9486833413441976,0.948,-14.114750862121582,23.819379806518555
222,0.9486833413441976,0.944,-14.195047378540039,23.899484634399414
223,0.9486833413441976,0.968,-14.276887893676758,23.980003356933594
224,0.9486833413441976,0.964,-14.350238800048828,24.058807373046875
225,0.9486833413441976,0.904,-14.423359870910645,24.136255264282227
226,0.9486833413441976,0.96,-14.517390251159668,24.217666625976562
227,0.9486833413441976,0.976,-14.59460163116455,24.29807472229004
228,0.9486833413441976,0.932,-14.664872169494629,24.37605857849121
229,0.9486833413441976,0.976,-14.749048233032227,24.455522537231445
230,0.9486833413441976,0.9,-14.818374633789062,24.532564163208008
231,0.9486833413441976,0.98,-14.913483619689941,24.61392593383789
232,0.9486833413441976,0.952,-14.983222007751465,24.692506790161133
233,0.9486833413441976,0.96,-15.06057357788086,24.770795822143555
234,0.9486833413441976,0.908,-15.134661674499512,24.848079681396484
235,0.9486833413441976,0.98,-15.227046012878418,24.928974151611328
236,0.9486833413441976,0.912,-15.296317100524902,25.007089614868164
237,0.9486833413441976,0.98,-15.388047218322754,25.08846092224121
238,0.9486833413441976,0.968,-15.457796096801758,25.16705322265625
239,0.9486833413441976,0.9,-15.529218673706055,25.24393081665039
240,0.9486833413441976,0.988,-15.624165534973145,25.32512855529785
241,0.9486833413441976,0.892,-15.690773010253906,25.40283966064453
242,0.9486833413441976,0.976,-15.789520263671875,25.485578536987305
243,0.9486833413441976,0.952,-15.862120628356934,25.565893173217773
244,0.9486833413441976,0.932,-15.941205978393555,25.645915985107422
245,0.9486833413441976,0.976,-16.027420043945312,25.727418899536133
246,0.9486833413441976,0.968,-16.098783493041992,25.80649757385254
247,0.9486833413441976,0.896,-16.17069435119629,25.88386344909668
248,0.9486833413441976,0.976,-16.26761245727539,25.96590232849121
249,0.9486833413441976,0.984,-16.339513778686523,26.04551887512207
250,0.9486833413441976,0.884,-16.406023025512695,26.12200164794922
251,0.9486833413441976,0.964,-16.506511688232422,26.2042236328125
252,0.9486833413441976,0.972,-16.583049774169922,26.285085678100586
253,0.9486833413441976,0.948,-16.655258178710938,26.363880157470703
254,0.9486833413441976,0.94,-16.73430633544922,26.44273567199707
255,0.9486833413441976,0.968,-16.81638526916504,26.522361755371094
256,0.9486833413441976,0.908,-16.888843536376953,26.60027503967285
257,0.9486833413441976,0.972,-16.981853485107422,26.681795120239258
258,0.9486833413441976,0.98,-17.054723739624023,26.761249542236328
259,0.9486833413441976,0.896,-17.122554779052734,26.83792495727539
260,0.9486833413441976,0.968,-17.218780517578125,26.919273376464844
261,0.9486833413441976,0.952,-17.29296112060547,26.998910903930664
262,0.9486833413441976,1.0,-17.371366500854492,27.0782527923584
263,0.9486833413441976,0.888,-17.431663513183594,27.15304183959961
264,0.9486833413441976,0.968,-17.528974533081055,27.233213424682617
265,0.9486833413441976,0.956,-17.601978302001953,27.31167221069336
266,0.9486833413441976,0.908,-17.677722930908203,27.389482498168945
267,0.9486833413441976,0.952,-17.770631790161133,27.470903396606445
268,0.9486833413441976,0.988,-17.850820541381836,27.55202865600586
269,0.9486833413441976,0.92,-17.917354583740234,27.62966537475586
270,0.9486833413441976,0.972,-18.00563621520996,27.709848403930664
271,0.9486833413441976,0.912,-18.077165603637695,27.7879638671875
272,0.9486833413441976,0.98,-18.168893814086914,27.86933135986328
273,0.9486833413441976,0.92,-18.2386417388916,27.947921752929688
274,0.9486833413441976,1.0,-18.3278751373291,28.029056549072266
275,0.9486833413441976,0.908,-18.38996696472168,28.105640411376953
276,0.9486833413441976,0.964,-18.481647491455078,28.18583106994629
277,0.9486833413441976,0.952,-18.556156158447266,28.264665603637695
278,0.9486833413441976,0.956,-18.633758544921875,28.343204498291016
279,0.9486833413441976,0.912,-18.709583282470703,28.42109489440918
280,0.9486833413441976,0.972,-18.80108642578125,28.502239227294922
281,0.9486833413441976,0.96,-18.873579025268555,28.581315994262695
282,0.9486833413441976,0.932,-18.948455810546875,28.659387588500977
283,0.9486833413441976,0.976,-19.032718658447266,28.738941192626953
284,0.9486833413441976,0.888,-19.102134704589844,28.816070556640625
285,0.9486833413441976,0.988,-19.201784133911133,28.898582458496094
286,0.9486833413441976,0.964,-19.26970672607422,28.97760772705078
287,0.9486833413441976,0.928,-19.343046188354492,29.055274963378906
288,0.9486833413441976,0.968,-19.428390502929688,29.134775161743164
289,0.9486833413441976,0.944,-19.500722885131836,29.21256446838379
290,0.9486833413441976,0.948,-19.580249786376953,29.290767669677734
291,0.9486833413441976,0.932,-19.658706665039062,29.36903190612793
292,0.9486833413441976,0.952,-19.743160247802734,29.448776245117188
293,0.9486833413441976,0.976,-19.821674346923828,29.528226852416992
294,0.9486833413441976,0.928,-19.890987396240234,29.605253219604492
295,0.9486833413441976,0.908,-19.975690841674805,29.684114456176758
296,0.9486833413441976,1.004,-20.069650650024414,29.766586303710938
297,0.9486833413441976,0.916,-20.131591796875,29.844148635864258
298,0.9486833413441976,0.928,-20.22128677368164,29.92461395263672
299,0.9486833413441976,0.984,-20.309425354003906,30.00691032409668
300,0.9486833413441976,0.92,-20.378616333007812,30.086076736450195
301,0.9486833413441976,1.004,-20.468427658081055,30.167787551879883
302,0.9486833413441976,0.912,-20.52960968017578,30.244590759277344
303,0.9486833413441976,0.952,-20.620025634765625,30.324647903442383
304,0.9486833413441976,0.964,-20.6988525390625,30.40441131591797
305,0.9486833413441976,0.944,-20.772932052612305,30.48281478881836
306,0.9486833413441976,0.912,-20.85307502746582,30.561635971069336
307,0.9486833413441976,0.996,-20.94550895690918,30.643709182739258
308,0.9486833413441976,0.924,-21.01002311706543,30.721586227416992
309,0.9486833413441976,0.956,-21.097061157226562,30.801654815673828
310,0.9486833413441976,0.952,-21.17441177368164,30.881071090698242
311,0.9486833413441976,0.964,-21.252599716186523,30.960195541381836
312,0.9486833413441976,0.956,-21.326038360595703,31.037960052490234
313,0.9486833413441976,0.9,-21.40108871459961,31.115076065063477
314,0.9486833413441976,0.956,-21.49627113342285,31.196510314941406
315,0.9486833413441976,0.964,-21.57499122619629,31.27729606628418
316,0.9486833413441976,0.952,-21.65009307861328,31.35672378540039
317,0.9486833413441976,0.928,-21.728290557861328,31.43585777282715
318,0.9486833413441976,0.972,-21.815099716186523,31.516826629638672
319,0.9486833413441976,0.956,-21.887414932250977,31.59572410583496
320,0.9486833413441976,0.916,-21.963598251342773,31.67397689819336
321,0.9486833413441976,0.976,-22.053977966308594,31.755126953125
322,0.9486833413441976,0.968,-22.124990463256836,31.833852767944336
323,0.9486833413441976,0.912,-22.196548461914062,31.910865783691406
324,0.9486833413441976,0.952,-22.28717613220215,31.991134643554688
325,0.9486833413441976,0.936,-22.366212844848633,32.07110595703125
326,0.9486833413441976,0.952,-22.45089340209961,32.15220642089844
327,0.9486833413441976,0.96,-22.53076171875,32.233009338378906
328,0.9486833413441976,0.988,-22.60736656188965,32.31281280517578
329,0.9486833413441976,0.912,-22.672576904296875,32.38912582397461
330,0.9486833413441976,0.94,-22.762502670288086,32.468692779541016
331,0.9486833413441976,0.968,-22.845293045043945,32.54903030395508
332,0.9486833413441976,0.948,-22.9184627532959,32.627655029296875
333,0.9486833413441976,0.932,-22.997339248657227,32.70634078979492
334,0.9486833413441976,0.96,-23.082216262817383,32.786502838134766
335,0.9486833413441976,0.944,-23.158180236816406,32.865665435791016
336,0.9486833413441976,0.968,-23.23908042907715,32.94524002075195
337,0.9486833413441976,0.928,-23.311487197875977,33.02310562133789
338,0.9486833413441976,0.956,-23.39702606201172,33.10280227661133
339,0.9486833413441976,0.956,-23.474010467529297,33.18185043334961
340,0.9486833413441976,0.932,-23.550344467163086,33.260250091552734
341,0.9486833413441976,0.956,-23.63493537902832,33.34012985229492
342,0.9486833413441976,0.944,-23.712099075317383,33.41936111450195
343,0.9486833413441976,0.936,-23.79306983947754,33.49900817871094
344,0.9486833413441976,0.972,-23.877422332763672,33.57978057861328
345,0.9486833413441976,0.932,-23.949541091918945,33.65848159790039
346,0.9486833413441976,0.968,-24.034435272216797,33.73866653442383
347,0.9486833413441976,0.924,-24.107450485229492,33.817138671875
348,0.9486833413441976,0.988,-24.19508171081543,33.897796630859375
349,0.9486833413441976,0.912,-24.26114845275879,33.97496795654297
350,0.9486833413441976,0.984,-24.3519344329834,34.05539321899414
351,0.9486833413441976,0.932,-24.419254302978516,34.132686614990234
352,0.9486833413441976,0.932,-24.50273895263672,34.21146011352539
353,0.9486833413441976,0.98,-24.587703704833984,34.29171371459961
354,0.9486833413441976,0.932,-24.656335830688477,34.36919021606445
355,0.9486833413441976,0.952,-24.740001678466797,34.448143005371094
356,0.9486833413441976,0.96,-24.817726135253906,34.52680587768555
357,0.9486833413441976,0.896,-24.892187118530273,34.604461669921875
358,0.9486833413441976,0.972,-24.989395141601562,34.68679428100586
359,0.9486833413441976,0.972,-25.063072204589844,34.76705551147461
360,0.9486833413441976,0.916,-25.134681701660156,34.84524917602539
361,0.9486833413441976,0.972,-25.225006103515625,34.92634201049805
362,0.9486833413441976,0.944,-25.29744529724121,35.005367279052734
363,0.9486833413441976,0.956,-25.37820816040039,35.084808349609375
364,0.9486833413441976,0.952,-25.45493507385254,35.16360092163086
365,0.9486833413441976,0.952,-25.532495498657227,35.242095947265625
366,0.9486833413441976,0.904,-25.60976219177246,35.3203010559082
367,0.9486833413441976,0.996,-25.704547882080078,35.4024658203125
368,0.9486833413441976,0.94,-25.769155502319336,35.480438232421875
369,0.9486833413441976,0.96,-25.8503475189209,35.55917739868164
370,0.9486833413441976,0.932,-25.92488670349121,35.63691329956055
371,0.9486833413441976,0.952,-26.00881576538086,35.716129302978516
372,0.9486833413441976,0.948,-26.08679962158203,35.79505157470703
373,0.9486833413441976,0.916,-26.16597557067871,35.8740348815918
374,0.9486833413441976,0.976,-26.25708770751953,35.95591735839844
375,0.9486833413441976,0.956,-26.328832626342773,36.03537368774414
376,0.9486833413441976,0.964,-26.405576705932617,36.11418533325195
377,0.9486833413441976,0.92,-26.478700637817383,36.19163513183594
378,0.9486833413441976,0.948,-26.566797256469727,36.271629333496094
379,0.9486833413441976,0.964,-26.647045135498047,36.351688385009766
380,0.9486833413441976,0.96,-26.721418380737305,36.43038558959961
381,0.9486833413441976,0.912,-26.795915603637695,36.508079528808594
382,0.9486833413441976,0.964,-26.887224197387695,36.589027404785156
383,0.9486833413441976,0.96,-26.962486267089844,36.668617248535156
384,0.9486833413441976,0.956,-27.03787612915039,36.74720001220703
385,0.9486833413441976,0.932,-27.113746643066406,36.825138092041016
386,0.9486833413441976,0.936,-27.197874069213867,36.9045524597168
387,0.9486833413441976,0.936,-27.281997680664062,36.9850959777832
388,0.9486833413441976,0.988,-27.367246627807617,37.0667610168457
389,0.9486833413441976,0.94,-27.434322357177734,37.14493942260742
390,0.9486833413441976,0.924,-27.515724182128906,37.2238883972168
391,0.9486833413441976,0.976,-27.60383415222168,37.305030822753906
392,0.9486833413441976,0.948,-27.674835205078125,37.38374328613281
393,0.9486833413441976,0.96,-27.753803253173828,37.462520599365234
394,0.9486833413441976,0.912,-27.828380584716797,37.5402946472168
395,0.9486833413441976,0.98,-27.919767379760742,37.62132263183594
396,0.9486833413441976,0.92,-27.989171981811523,37.69956970214844
397,0.9486833413441976,0.98,-28.078065872192383,37.78036117553711
398,0.9486833413441976,0.92,-28.14723777770996,37.85837936401367
399,0.9486833413441976,0.968,-28.235897064208984,37.93893814086914
400,0.9486833413441976,0.932,-28.309288024902344,38.017784118652344
401,0.9486833413441976,0.984,-28.394325256347656,38.09811019897461
402,0.9486833413441976,0.932,-28.461545944213867,38.1753044128418
403,0.9486833413441976,0.952,-28.54492950439453,38.25397872924805
404,0.9486833413441976,0.924,-28.622371673583984,38.33235549926758
405,0.9486833413441976,0.976,-28.709911346435547,38.412925720214844
406,0.9486833413441976,0.94,-28.78034210205078,38.49106979370117
407,0.9486833413441976,0.952,-28.861711502075195,38.569984436035156
408,0.9486833413441976,0.944,-28.939395904541016,38.64860534667969
409,0.9486833413441976,0.908,-29.019756317138672,38.72764587402344
410,0.9486833413441976,0.996,-29.1138916015625,38.8102912902832
411,0.9486833413441976,0.924,-29.17897605895996,38.88874053955078
412,0.9486833413441976,0.944,-29.266586303710938,38.96937942504883
413,0.9486833413441976,0.948,-29.348962783813477,39.05043029785156
414,0.9486833413441976,0.98,-29.43027114868164,39.13154602050781
415,0.9486833413441976,0.92,-29.49976348876953,39.20988464355469
416,0.9486833413441976,0.976,-29.5887451171875,39.29076385498047
417,0.9486833413441976,0.944,-29.659488677978516,39.369224548339844
418,0.9486833413441976,0.944,-29.73968505859375,39.448097229003906
419,0.9486833413441976,0.952,-29.820295333862305,39.52738571166992
420,0.9486833413441976,0.944,-29.898353576660156,39.606380462646484
421,0.9486833413441976,0.968,-29.979087829589844,39.685791015625
422,0.9486833413441976,0.924,-30.051328659057617,39.76348876953125
423,0.9486833413441976,0.944,-30.138185501098633,39.8433723449707
424,0.9486833413441976,0.984,-30.219810485839844,39.923675537109375
425,0.9486833413441976,0.932,-30.287004470825195,40.0008430480957
426,0.9486833413441976,0.924,-30.370365142822266,40.079490661621094
427,0.9486833413441976,0.98,-30.458175659179688,40.16033172607422
428,0.9486833413441976,0.94,-30.52739143371582,40.2383918762207
429,0.9486833413441976,0.936,-30.608673095703125,40.317222595214844
430,0.9486833413441976,0.984,-30.692211151123047,40.397178649902344
431,0.9486833413441976,0.904,-30.759061813354492,40.474002838134766
432,0.9486833413441976,0.972,-30.852466583251953,40.554786682128906
433,0.9486833413441976,0.94,-30.92460060119629,40.633506774902344
434,0.9486833413441976,0.956,-31.006540298461914,40.71299362182617
435,0.9486833413441976,0.932,-31.083314895629883,40.79183578491211
436,0.9486833413441976,0.948,-31.168346405029297,40.872154235839844
437,0.9486833413441976,0.988,-31.248918533325195,40.95253372192383
438,0.9486833413441976,0.908,-31.314708709716797,41.02942657470703
439,0.9486833413441976,0.968,-31.40669822692871,41.109928131103516
440,0.9486833413441976,0.956,-31.480031967163086,41.188716888427734
441,0.9486833413441976,0.912,-31.55610466003418,41.2668571472168
442,0.9486833413441976,0.984,-31.647857666015625,41.34824752807617
443,0.9486833413441976,0.944,-31.716144561767578,41.426509857177734
444,0.9486833413441976,0.92,-31.796142578125,41.505184173583984
445,0.9486833413441976,0.976,-31.88546371459961,41.58640670776367
446,0.9486833413441976,0.94,-31.956546783447266,41.66520309448242
447,0.9486833413441976,0.956,-32.03856658935547,41.74477005004883
448,0.9486833413441976,0.944,-32.11541748046875,41.82368850708008
449,0.9486833413441976,0.94,-32.196075439453125,41.90302276611328
450,0.9486833413441976,0.964,-32.278629302978516,41.98312759399414
451,0.9486833413441976,0.94,-32.353050231933594,42.06187057495117
452,0.9486833413441976,0.956,-32.435020446777344,42.141387939453125
453,0.9486833413441976,0.964,-32.511817932128906,42.220252990722656
454,0.9486833413441976,0.936,-32.58500289916992,42.29776382446289
455,0.9486833413441976,0.948,-32.66721725463867,42.37639617919922
456,0.9486833413441976,0.944,-32.74610137939453,42.4550895690918
457,0.9486833413441976,0.936,-32.826534271240234,42.53419876098633
458,0.9486833413441976,0.984,-32.91035079956055,42.61443328857422
459,0.9486833413441976,0.928,-32.97747802734375,42.691532135009766
460,0.9486833413441976,0.94,-33.062255859375,42.770469665527344
461,0.9486833413441976,0.952,-33.14441680908203,42.85017776489258
462,0.9486833413441976,0.96,-33.2228889465332,42.929588317871094
463,0.9486833413441976,0.928,-33.29810333251953,43.00799560546875
464,0.9486833413441976,0.956,-33.384185791015625,43.08824157714844
465,0.9486833413441976,0.952,-33.46171569824219,43.1678352355957
466,0.9486833413441976,0.948,-33.540077209472656,43.247135162353516
467,0.9486833413441976,0.956,-33.619632720947266,43.32649612426758
468,0.9486833413441976,0.932,-33.6962776184082,43.405208587646484
469,0.9486833413441976,0.956,-33.78118133544922,43.48539733886719
470,0.9486833413441976,0.96,-33.85865783691406,43.56494140625
471,0.9486833413441976,0.952,-33.933998107910156,43.64347839355469
472,0.9486833413441976,0.928,-34.01130676269531,43.72172546386719
473,0.9486833413441976,0.956,-34.097225189208984,43.80180358886719
474,0.9486833413441976,0.936,-34.174591064453125,43.88123321533203
475,0.9486833413441976,0.98,-34.25872802734375,43.961788177490234
476,0.9486833413441976,0.94,-34.32766342163086,44.03956604003906
477,0.9486833413441976,0.932,-34.408660888671875,44.11811447143555
478,0.9486833413441976,0.956,-34.49340057373047,44.198143005371094
479,0.9486833413441976,0.94,-34.57071304321289,44.27751922607422
480,0.9486833413441976,0.988,-34.65331268310547,44.357669830322266
481,0.9486833413441976,0.888,-34.7188720703125,44.434329986572266
482,0.9486833413441976,0.964,-34.81805419921875,44.51637268066406
483,0.9486833413441976,0.968,-34.894412994384766,44.59706115722656
484,0.9486833413441976,0.96,-34.96792984008789,44.67603302001953
485,0.9486833413441976,0.928,-35.042701721191406,44.75400161743164
486,0.9486833413441976,0.956,-35.12834548950195,44.83380126953125
487,0.9486833413441976,0.924,-35.20543670654297,44.91295623779297
488,0.9486833413441976,0.992,-35.29375076293945,44.994300842285156
489,0.9486833413441976,0.908,-35.35901641845703,45.071800231933594
490,0.9486833413441976,0.98,-35.45161819458008,45.15291213989258
491,0.9486833413441976,0.948,-35.5211067199707,45.23124313354492
492,0.9486833413441976,0.96,-35.59968948364258,45.309635162353516
493,0.9486833413441976,0.92,-35.67388153076172,45.38702392578125
494,0.9486833413441976,0.952,-35.76191711425781,45.46696090698242
495,0.9486833413441976,0.98,-35.84061813354492,45.54659652709961
496,0.9486833413441976,0.916,-35.908634185791016,45.62345886230469
497,0.9486833413441976,0.94,-35.99762725830078,45.70322036743164
498,0.9486833413441976,0.968,-36.08060836791992,45.783748626708984
499,0.9486833413441976,0.96,-36.153968811035156,45.86256790161133
500,0.9486833413441976,0.94,-36.22858810424805,45.94038009643555
501,0.9486440022786459,0.924,-36.309608459472656,46.018959045410156
502,0.9485259850819906,0.948,-36.39728927612305,46.09971237182617
503,0.9483296871185303,0.976,-36.47816848754883,46.18050003051758
504,0.9480553468068441,0.928,-36.548580169677734,46.25880432128906
505,0.9477026462554932,0.952,-36.63420104980469,46.33885955810547
506,0.9472716649373373,0.96,-36.71249771118164,46.41849136352539
507,0.9467609723409017,0.932,-36.7872200012207,46.496952056884766
508,0.9461706479390463,0.96,-36.87093734741211,46.5766716003418
509,0.9454996585845947,0.956,-36.945274353027344,46.65510177612305
510,0.9447460174560547,0.92,-37.019527435302734,46.7325325012207
511,0.9439093271891276,0.932,-37.1058349609375,46.81208419799805
512,0.9429873625437418,0.952,-37.1894645690918,46.89261245727539
513,0.9419786930084229,0.968,-37.266273498535156,46.972251892089844
514,0.9408813317616781,0.948,-37.33584976196289,47.04948806762695
515,0.9396929740905762,0.86,-37.40999984741211,47.12598419189453
516,0.9384113152821859,0.968,-37.515594482421875,47.209434509277344
517,0.9370339711507162,0.984,-37.587554931640625,47.29014205932617
518,0.935558001200358,0.884,-37.65028381347656,47.36655044555664
519,0.9339810212453207,0.928,-37.7452392578125,47.447391510009766
520,0.9322992960611979,0.968,-37.82767868041992,47.52861404418945
521,0.9305103619893392,0.928,-37.894989013671875,47.606510162353516
522,0.9286100069681803,0.912,-37.97311019897461,47.68446350097656
523,0.9265949726104736,0.916,-38.056480407714844,47.763710021972656
524,0.9244616826375326,0.972,-38.13886642456055,47.84370803833008
525,0.9222056865692139,0.892,-38.20038604736328,47.919288635253906
526,0.9198236465454102,0.92,-38.28628921508789,47.99733352661133
527,0.91731063524882,0.928,-38.363338470458984,48.07514572143555
528,0.9146623611450195,0.876,-38.43619918823242,48.151771545410156
529,0.9118742942810059,0.928,-38.52613830566406,48.2315788269043
530,0.9089423020680746,0.884,-38.598873138427734,48.309696197509766
531,0.9058606624603271,0.932,-38.68510437011719,48.38975524902344
532,0.9026250044504801,0.868,-38.7542610168457,48.46720504760742
533,0.8992300033569336,0.92,-38.84330368041992,48.547428131103516
534,0.8956706523895264,0.924,-38.914493560791016,48.62548828125
535,0.8919413089752197,0.844,-38.98065948486328,48.70071029663086
536,0.888037363688151,0.904,-39.07222366333008,48.77983474731445
537,0.8839530150095621,0.884,-39.1439094543457,48.857181549072266
538,0.879682699839274,0.864,-39.21965408325195,48.934146881103516
539,0.8752210140228271,0.916,-39.30078125,49.012107849121094
540,0.8705630302429199,0.824,-39.361881256103516,49.086036682128906
541,0.8657023111979166,0.868,-39.45128631591797,49.163665771484375
542,0.8606343269348145,0.848,-39.526180267333984,49.240638732910156
543,0.8553536732991537,0.84,-39.60588455200195,49.318267822265625
544,0.8498550256093343,0.872,-39.68716812133789,49.396766662597656
545,0.8441329797108968,0.824,-39.75532913208008,49.47279739379883
546,0.8381830056508383,0.84,-39.83662033081055,49.55008316040039
547,0.8320000171661377,0.852,-39.91093826293945,49.62666320800781
548,0.8255799611409506,0.82,-39.97771072387695,49.700897216796875
549,0.818917989730835,0.788,-40.051544189453125,49.77503204345703
550,0.8120110034942627,0.808,-40.13459396362305,49.85129928588867
551,0.8048543135325114,0.82,-40.209693908691406,49.92729187011719
552,0.7974456946055094,0.8,-40.27730941772461,50.001277923583984
553,0.7897813320159912,0.752,-40.34750747680664,50.07435989379883
554,0.7818596363067627,0.844,-40.43166732788086,50.15008544921875
555,0.7736783027648926,0.724,-40.481300354003906,50.21957778930664
556,0.765235980351766,0.792,-40.56609344482422,50.292728424072266
557,0.7565316359202067,0.704,-40.62607955932617,50.362728118896484
558,0.7475653489430746,0.752,-40.712249755859375,50.43659591674805
559,0.73833696047465,0.756,-40.781044006347656,50.50925064086914
560,0.7288479804992676,0.74,-40.843624114990234,50.57949447631836
561,0.7190999984741211,0.668,-40.90611267089844,50.64788818359375
562,0.7090950012207031,0.74,-40.98975372314453,50.71992492675781
563,0.6905909615258375,0.7,-41.043453216552734,50.78757858276367
564,0.669677677253882,0.648,-41.099853515625,50.8525390625
565,0.6483633294701576,0.672,-41.16495132446289,50.91753387451172
566,0.6266680161158243,0.636,-41.21311950683594,50.97850799560547
567,0.6046129862467448,0.556,-41.26244354248047,51.03669357299805
568,0.5822223126888275,0.628,-41.330360412597656,51.097206115722656
569,0.5595209995905558,0.52,-41.36545944213867,51.15164566040039
570,0.5365346620480219,0.528,-41.42603302001953,51.20754623413086
571,0.513291984796524,0.56,-41.476478576660156,51.26214599609375
572,0.4898216625054677,0.524,-41.50503158569336,51.310516357421875
573,0.46615267793337506,0.416,-41.53193283081055,51.353755950927734
574,0.44231565793355304,0.516,-41.584938049316406,51.399330139160156
575,0.418342004219691,0.376,-41.59426498413086,51.43623733520508
576,0.3942629893620809,0.408,-41.6379508972168,51.474761962890625
577,0.3701103428999583,0.38,-41.66241455078125,51.509925842285156
578,0.3459153374036153,0.34,-41.6849250793457,51.54206466674805
579,0.3217093547185262,0.32,-41.71027374267578,51.57258224487305
580,0.2975233197212219,0.3,-41.73244857788086,51.60110092163086
581,0.27338699499766034,0.28,-41.7510871887207,51.62725830078125
582,0.2493306795756022,0.252,-41.76586151123047,51.650691986083984
583,0.22538266579310098,0.2,-41.779415130615234,51.6717643737793
584,0.20157001415888467,0.208,-41.80107116699219,51.69297409057617
585,0.17791966597239176,0.188,-41.81111526489258,51.71151351928711
586,0.1544560194015503,0.144,-41.817203521728516,51.727073669433594
587,0.13120299577713013,0.132,-41.8280143737793,51.74150085449219
588,0.10818266868591309,0.124,-41.83359909057617,51.75381088256836
589,0.08541566133499146,0.088,-41.83158874511719,51.7626953125
590,0.0629210074742635,0.076,-41.8311653137207,51.76935577392578
591,0.040716330210367836,0.036,-41.82472610473633,51.77288055419922
592,0.018817007541656494,0.02,-41.82187271118164,51.774879455566406
593,-0.00276865561803182,0.0,-41.81614685058594,51.774131774902344
594,-0.024541338284810383,0.0,-41.81394577026367,51.76499938964844
595,-0.04681166013081869,0.0,-41.80759048461914,51.745426177978516
596,-0.06957431634267171,0.0,-41.79505920410156,51.7132453918457
597,-0.09282265106836955,0.0,-41.7742919921875,51.666263580322266
598,-0.11654667059580485,0.0,-41.74318313598633,51.602237701416016
599,-0.14073467254638672,0.0,-41.6995849609375,51.51889419555664
600,-0.1653719941775004,0.0,-41.64131164550781,51.41392135620117
601,-0.19044198592503866,0.0,-41.566139221191406,51.28496551513672
602,-0.21592499812444052,0.0,-41.471805572509766,51.12965393066406
603,-0.24179863929748535,0.0,-41.35601806640625,50.945579528808594
604,-0.26803767681121826,0.0,-41.21644592285156,50.73031234741211
605,-0.2946139971415202,-0.176,-41.05073165893555,50.48139572143555
606,-0.32149698336919147,-0.32,-40.872100830078125,50.26167678833008
607,-0.3486526608467102,-0.34,-40.690921783447266,50.07240295410156
608,-0.37604398528734845,-0.356,-40.50653839111328,49.877838134765625
609,-0.40363332629203796,-0.408,-40.31792068481445,49.6757698059082
610,-0.43137866258621216,-0.432,-40.127220153808594,49.47846984863281
611,-0.4592360158761342,-0.472,-39.93409729003906,49.27765655517578
612,-0.4871603349844615,-0.496,-39.7396240234375,49.07889938354492
613,-0.5151039858659109,-0.5,-39.54344940185547,48.87732696533203
614,-0.5430186688899994,-0.536,-39.343448638916016,48.66518020629883
615,-0.5708546737829844,-0.592,-39.14034652709961,48.45223617553711
616,-0.5985619872808456,-0.596,-38.93666076660156,48.2466926574707
617,-0.6260906482736269,-0.596,-38.73029327392578,48.031829833984375
618,-0.6533903280893961,-0.668,-38.518829345703125,47.80415725708008
619,-0.6804116480052471,-0.676,-38.30625534057617,47.58808135986328
620,-0.7071066697438558,-0.732,-38.09091567993164,47.363956451416016
621,-0.72017502784729,-0.68,-37.876617431640625,47.15299987792969
622,-0.732848326365153,-0.784,-37.657623291015625,46.9190788269043
623,-0.7451079686482748,-0.696,-37.442073822021484,46.71451187133789
624,-0.7569359938303629,-0.82,-37.22111129760742,46.47633743286133
625,-0.7683173020680746,-0.768,-37.00472640991211,46.2745475769043
626,-0.7792403697967529,-0.776,-36.78733444213867,46.053985595703125
627,-0.7896943092346191,-0.792,-36.568721771240234,45.831504821777344
628,-0.7996723651885986,-0.772,-36.349422454833984,45.61003875732422
629,-0.8091696898142496,-0.868,-36.1268196105957,45.37693786621094
630,-0.8181836605072021,-0.824,-35.90863037109375,45.17281723022461
631,-0.8267143567403158,-0.832,-35.690189361572266,44.953609466552734
632,-0.8347636858622233,-0.864,-35.471500396728516,44.73413848876953
633,-0.8423366546630859,-0.836,-35.254722595214844,44.52348327636719
634,-0.8494389851888021,-0.864,-35.03675079345703,44.30171585083008
635,-0.8560793399810791,-0.852,-34.81947326660156,44.086673736572266
636,-0.8622666994730631,-0.856,-34.60127639770508,43.865577697753906
637,-0.8680123488108317,-0.872,-34.38201141357422,43.642921447753906
638,-0.873328685760498,-0.88,-34.162620544433594,43.423152923583984
639,-0.8782293001810709,-0.904,-33.943382263183594,43.20441436767578
640,-0.8827283382415771,-0.868,-33.72602081298828,42.99306106567383
641,-0.8868406613667806,-0.936,-33.50698471069336,42.76870346069336
642,-0.8905816872914633,-0.88,-33.29197311401367,42.5665168762207
643,-0.8939676284790039,-0.912,-33.075714111328125,42.346317291259766
644,-0.8970139821370443,-0.888,-32.86077880859375,42.13561248779297
645,-0.8997376759847006,-0.904,-32.644798278808594,41.916316986083984
646,-0.9021543661753336,-0.9,-32.42897415161133,41.70101547241211
647,-0.9042803446451823,-0.912,-32.212764739990234,41.48359680175781
648,-0.9027360280354818,-0.9,-31.997373580932617,41.27082061767578
649,-0.9004233678181967,-0.9,-31.781938552856445,41.055267333984375
650,-0.8978366851806641,-0.9,-31.566688537597656,40.84062957763672
651,-0.8949673175811768,-0.9,-31.35188102722168,40.62723922729492
652,-0.8918073177337646,-0.884,-31.137794494628906,40.415470123291016
653,-0.8883500099182129,-0.888,-30.923316955566406,40.199764251708984
654,-0.8845880031585693,-0.884,-30.709136962890625,39.98654556274414
655,-0.8805163701375326,-0.88,-30.49526023864746,39.77365493774414
656,-0.8761300245920817,-0.868,-30.281723022460938,39.56121063232422
657,-0.8714253107706705,-0.876,-30.0678768157959,39.34639358520508
658,-0.8663996855417887,-0.864,-29.854875564575195,39.136104583740234
659,-0.8610510031382242,-0.864,-29.642133712768555,38.9241943359375
660,-0.8553793430328369,-0.772,-29.43014907836914,38.71464538574219
661,-0.8493850231170654,-0.836,-29.21129608154297,38.47393798828125
662,-0.8430706659952799,-0.86,-28.991811752319336,38.25245666503906
663,-0.8364396890004476,-0.836,-28.774410247802734,38.041709899902344
664,-0.8294963041941324,-0.808,-28.55758285522461,37.826717376708984
665,-0.8222470283508301,-0.832,-28.33948516845703,37.60459899902344
666,-0.8146990140279134,-0.804,-28.1229190826416,37.39291763305664
667,-0.8068610032399496,-0.824,-27.90609359741211,37.17528533935547
668,-0.7987430095672607,-0.76,-27.691505432128906,36.967830657958984
669,-0.7903560002644857,-0.736,-27.474218368530273,36.74197006225586
670,-0.7817126909891764,-0.852,-27.252872467041016,36.507713317871094
671,-0.7728260358174642,-0.724,-27.038545608520508,36.31574630737305
672,-0.7637103398640951,-0.792,-26.820690155029297,36.08667755126953
673,-0.754381020863851,-0.672,-26.606170654296875,35.88277816772461
674,-0.7448543707529703,-0.768,-26.385181427001953,35.64121627807617
675,-0.7351463635762533,-0.72,-26.167102813720703,35.43241500854492
676,-0.7252746423085531,-0.724,-25.948551177978516,35.21237564086914
677,-0.7152570088704427,-0.732,-25.73077392578125,34.997066497802734
678,-0.7051126956939697,-0.68,-25.51537322998047,34.78926086425781
679,-0.6949066321055094,-0.724,-25.29865074157715,34.56832504272461
680,-0.6846752961476644,-0.672,-25.08540916442871,34.36619186401367
681,-0.6744320392608643,-0.708,-24.871950149536133,34.15204620361328
682,-0.6641883452733358,-0.6,-24.662372589111328,33.95484161376953
683,-0.6539570093154907,-0.672,-24.44800567626953,33.72523498535156
684,-0.643749992052714,-0.656,-24.236141204833984,33.5213508605957
685,-0.6335786581039429,-0.596,-24.026262283325195,33.31780242919922
686,-0.6234543323516846,-0.668,-23.81394386291504,33.09772872924805
687,-0.6133883396784464,-0.608,-23.60646629333496,32.90567398071289
688,-0.6033910115559896,-0.58,-23.39939308166504,32.69990539550781
689,-0.5934723218282064,-0.616,-23.19112205505371,32.487831115722656
690,-0.583642323811849,-0.548,-22.985719680786133,32.29156494140625
691,-0.5739103158315023,-0.612,-22.778013229370117,32.076541900634766
692,-0.5642853180567423,-0.532,-22.574539184570312,31.88654136657715
693,-0.5547756751378378,-0.58,-22.36903953552246,31.674610137939453
694,-0.5453893343607584,-0.548,-22.166606903076172,31.481952667236328
695,-0.5361340045928955,-0.508,-21.965225219726562,31.283920288085938
696,-0.5270166794459025,-0.504,-21.76215362548828,31.075477600097656
697,-0.5180443525314331,-0.548,-21.557830810546875,30.867189407348633
698,-0.5092233419418335,-0.508,-21.35694694519043,30.677257537841797
699,-0.5005590120951334,-0.492,-21.156719207763672,30.4791316986084
700,-0.49205732345581055,-0.508,-20.956485748291016,30.278879165649414
701,-0.4837230046590169,-0.492,-20.758399963378906,30.0876522064209
702,-0.47556134064992267,-0.464,-20.561771392822266,29.895666122436523
703,-0.46757598718007404,-0.492,-20.364824295043945,29.697708129882812
704,-0.4597713152567546,-0.428,-20.170732498168945,29.51271629333496
705,-0.45215098063151044,-0.468,-19.97449493408203,29.309659957885742
706,-0.44471832116444904,-0.456,-19.78032112121582,29.122060775756836
707,-0.43747631708780926,-0.432,-19.587787628173828,28.93475914001465
708,-0.4304279883702596,-0.424,-19.3953914642334,28.742807388305664
709,-0.4235756794611613,-0.412,-19.203031539916992,28.550565719604492
710,-0.41692233085632324,-0.432,-19.010231018066406,28.35637664794922
711,-0.4104693333307902,-0.376,-18.819339752197266,28.17156410217285
712,-0.4042186737060547,-0.408,-18.62594223022461,27.970197677612305
713,-0.39817265669504803,-0.436,-18.433414459228516,27.780445098876953
714,-0.3923323154449463,-0.376,-18.2447566986084,27.6041202545166
715,-0.3866993188858032,-0.388,-18.05514907836914,27.41149139404297
716,-0.3812750180562337,-0.388,-17.86613655090332,27.22437858581543
717,-0.376060684521993,-0.368,-17.678180694580078,27.039794921875
718,-0.37105735143025714,-0.36,-17.48995018005371,26.85070037841797
719,-0.3662656545639038,-0.376,-17.301164627075195,26.660144805908203
720,-0.3616873423258464,-0.408,-17.113643646240234,26.476667404174805
721,-0.3573226531346639,-0.34,-16.930618286132812,26.307952880859375
722,-0.3531726598739624,-0.356,-16.746423721313477,26.120037078857422
723,-0.3492383162180583,-0.32,-16.562824249267578,25.9383487701416
724,-0.3455203374226888,-0.376,-16.37696075439453,25.745277404785156
725,-0.34201931953430176,-0.332,-16.194110870361328,25.572023391723633
726,-0.3387366533279419,-0.336,-16.01066017150879,25.386669158935547
727,-0.33567265669504803,-0.332,-15.827237129211426,25.203340530395508
728,-0.3328283429145813,-0.344,-15.643738746643066,25.019607543945312
729,-0.3302050034205119,-0.332,-15.46146297454834,24.841228485107422
730,-0.32780299584070843,-0.32,-15.279558181762695,24.660507202148438
731,-0.3256233334541321,-0.296,-15.097151756286621,24.47651481628418
732,-0.32366766532262164,-0.372,-14.9122896194458,24.283838272094727
733,-0.3219366669654846,-0.276,-14.731867790222168,24.117555618286133
734,-0.32043200731277466,-0.328,-14.547501564025879,23.92064094543457
735,-0.3191543420155843,-0.34,-14.363920211791992,23.73955726623535
736,-0.3181053400039673,-0.316,-14.182278633117676,23.564098358154297
737,-0.3172866702079773,-0.304,-14.000520706176758,23.381977081298828
738,-0.31669966379801434,-0.328,-13.817635536193848,23.195507049560547
739,-0.316346009572347,-0.316,-13.635783195495605,23.016944885253906
740,-0.31622767448425293,-0.324,-13.453908920288086,22.835006713867188
741,-0.31622767448425293,-0.316,-13.272722244262695,22.656015396118164
742,-0.31622767448425293,-0.292,-13.091513633728027,22.474742889404297
743,-0.31622767448425293,-0.356,-12.90815544128418,22.2845401763916
744,-0.31622767448425293,-0.276,-12.728323936462402,22.11594009399414
745,-0.31622767448425293,-0.332,-12.544921875,21.921178817749023
746,-0.31622767448425293,-0.304,-12.362916946411133,21.743629455566406
747,-0.31622767448425293,-0.348,-12.179826736450195,21.557085037231445
748,-0.31622767448425293,-0.308,-11.999553680419922,21.385784149169922
749,-0.31622767448425293,-0.304,-11.818550109863281,21.202457427978516
750,-0.31622767448425293,-0.32,-11.636459350585938,21.01691246032715
751,-0.31622767448425293,-0.328,-11.454702377319336,20.83622169494629
752,-0.31622767448425293,-0.288,-11.273987770080566,20.658832550048828
753,-0.31622767448425293,-0.312,-11.090768814086914,20.467641830444336
754,-0.31622767448425293,-0.336,-10.907173156738281,20.282852172851562
755,-0.31622767448425293,-0.324,-10.725330352783203,20.106592178344727
756,-0.31622767448425293,-0.312,-10.54417610168457,19.92763328552246
757,-0.31622767448425293,-0.276,-10.362645149230957,19.74490737915039
758,-0.31622767448425293,-0.364,-10.177543640136719,19.548446655273438
759,-0.31622767448425293,-0.304,-9.99668025970459,19.381072998046875
760,-0.31622767448425293,-0.316,-9.814728736877441,19.195669174194336
761,-0.31622767448425293,-0.288,-9.632758140563965,19.013633728027344
762,-0.31622767448425293,-0.364,-9.448281288146973,18.821184158325195
763,-0.31622767448425293,-0.288,-9.268040657043457,18.654436111450195
764,-0.31622767448425293,-0.292,-9.085295677185059,18.463720321655273
765,-0.31622767448425293,-0.332,-8.900400161743164,18.271982192993164
766,-0.31622767448425293,-0.312,-8.716901779174805,18.092937469482422
767,-0.31622767448425293,-0.3,-8.533027648925781,17.907869338989258
768,-0.31622767448425293,-0.356,-8.347713470458984,17.717971801757812
769,-0.31622767448425293,-0.284,-8.165925025939941,17.54741668701172
770,-0.31622767448425293,-0.284,-7.981277942657471,17.353666305541992
771,-0.31622767448425293,-0.4,-7.793768882751465,17.157058715820312
772,-0.31622767448425293,-0.276,-7.613691806793213,17.00063705444336
773,-0.31622767448425293,-0.304,-7.430045127868652,16.80562973022461
774,-0.31622767448425293,-0.32,-7.245312213897705,16.617443084716797
775,-0.31622767448425293,-0.352,-7.0609130859375,16.434110641479492
776,-0.31622767448425293,-0.292,-6.879687786102295,16.26298713684082
777,-0.31622767448425293,-0.336,-6.69631290435791,16.072771072387695
778,-0.31622767448425293,-0.3,-6.5146918296813965,15.896734237670898
779,-0.31622767448425293,-0.308,-6.331632137298584,15.709091186523438
780,-0.31622767448425293,-0.332,-6.147841930389404,15.522976875305176
781,-0.31622767448425293,-0.296,-5.965450763702393,15.345041275024414
782,-0.31622767448425293,-0.328,-5.781266212463379,15.155142784118652
783,-0.31622767448425293,-0.296,-5.598124980926514,14.975325584411621
784,-0.31622767448425293,-0.32,-5.413188934326172,14.78467845916748
785,-0.31622767448425293,-0.312,-5.228588104248047,14.601142883300781
786,-0.31622767448425293,-0.336,-5.043612003326416,14.414973258972168
787,-0.31622767448425293,-0.368,-4.8603901863098145,14.237335205078125
788,-0.31622767448425293,-0.28,-4.681760787963867,14.07332706451416
789,-0.31622767448425293,-0.32,-4.4999189376831055,13.881253242492676
790,-0.31622767448425293,-0.288,-4.3184099197387695,13.700810432434082
791,-0.31622767448425293,-0.36,-4.134397983551025,13.50882625579834
792,-0.31622767448425293,-0.284,-3.9542689323425293,13.341057777404785
793,-0.31622767448425293,-0.328,-3.77128005027771,13.148968696594238
794,-0.31622767448425293,-0.3,-3.589337110519409,12.970349311828613
795,-0.31622767448425293,-0.3,-3.4059529304504395,12.78238296508789
796,-0.31622767448425293,-0.352,-3.221129894256592,12.592976570129395
797,-0.31622767448425293,-0.3,-3.039479970932007,12.421429634094238
798,-0.31622767448425293,-0.308,-2.856390953063965,12.233757019042969
799,-0.31622767448425293,-0.332,-2.672571897506714,12.047615051269531
800,-0.31622767448425293,-0.32,-2.490151882171631,11.869648933410645
801,-0.31622767448425293,-0.296,-2.308065891265869,11.688629150390625
802,-0.31622767448425293,-0.336,-2.1241869926452637,11.49903678894043
803,-0.31622767448425293,-0.32,-1.942060947418213,11.322495460510254
804,-0.31622767448425293,-0.312,-1.7602699995040894,11.141769409179688
805,-0.31622767448425293,-0.332,-1.578104019165039,10.958409309387207
806,-0.31622767448425293,-0.316,-1.3973369598388672,10.782095909118652
807,-0.31622767448425293,-0.284,-1.2165499925613403,10.601244926452637
808,-0.31622767448425293,-0.348,-1.0329029560089111,10.408496856689453
809,-0.31622767448425293,-0.304,-0.85207599401474,10.236641883850098
810,-0.31622767448425293,-0.336,-0.6701629757881165,10.051277160644531
811,-0.31622767448425293,-0.32,-0.4900049865245819,9.876702308654785
812,-0.31622767448425293,-0.316,-0.31018099188804626,9.697943687438965
813,-0.31622767448425293,-0.328,-0.13033799827098846,9.518035888671875
814,-0.31622767448425293,-0.32,0.048461999744176865,9.342560768127441
815,-0.31622767448425293,-0.308,0.2269269973039627,9.1651611328125
816,-0.31622767448425293,-0.348,0.40612098574638367,8.983642578125
817,-0.31622767448425293,-0.312,0.5824980139732361,8.816239356994629
818,-0.31622767448425293,-0.368,0.7592489719390869,8.638294219970703
819,-0.31622767448425293,-0.3,0.9314069747924805,8.480756759643555
820,-0.31622767448425293,-0.36,1.1050050258636475,8.302576065063477
821,-0.31622767448425293,-0.3,1.2747199535369873,8.145222663879395
822,-0.31622767448425293,-0.344,1.4458739757537842,7.969486236572266
823,-0.31622767448425293,-0.336,1.6145650148391724,7.808638095855713
824,-0.31622767448425293,-0.336,1.7815020084381104,7.6472859382629395
825,-0.31622767448425293,-0.324,1.9466840028762817,7.487687110900879
826,-0.31622767448425293,-0.356,2.1111769676208496,7.3253889083862305
827,-0.31622767448425293,-0.332,2.272141933441162,7.175655841827393
828,-0.31622767448425293,-0.304,2.4317069053649902,7.02054500579834
829,-0.31622767448425293,-0.332,2.592358112335205,6.856441020965576
830,-0.31622767448425293,-0.384,2.7516090869903564,6.701643943786621
831,-0.31622767448425293,-0.328,2.9048469066619873,6.567544937133789
832,-0.31622767448425293,-0.328,3.057041883468628,6.418674945831299
833,-0.31622767448425293,-0.356,3.2081921100616455,6.27085018157959
834,-0.31622767448425293,-0.348,3.355813980102539,6.134459972381592
835,-0.31622767448425293,-0.356,3.500617027282715,5.998630046844482
836,-0.31622767448425293,-0.376,3.6418910026550293,5.868587970733643
837,-0.31622767448425293,-0.36,3.777862071990967,5.749496936798096
838,-0.31622767448425293,-0.364,3.909950017929077,5.6297712326049805
839,-0.31622767448425293,-0.324,4.037798881530762,5.5154128074646
840,-0.31622767448425293,-0.372,4.1649580001831055,5.390449047088623
841,-0.31622767448425293,-0.348,4.287168025970459,5.283989906311035
842,-0.31622767448425293,-0.352,4.406558990478516,5.173572063446045
843,-0.31622767448425293,-0.356,4.522775173187256,5.067458152770996
844,-0.31622767448425293,-0.348,4.635461807250977,4.966002941131592
845,-0.31622767448425293,-0.352,4.745327949523926,4.865108966827393
846,-0.31622767448425293,-0.344,4.852021217346191,4.768518924713135
847,-0.31622767448425293,-0.336,4.956247806549072,4.672134876251221
848,-0.31622767448425293,-0.352,5.058719158172607,4.575247764587402
849,-0.31622767448425293,-0.332,5.158016204833984,4.486052989959717
850,-0.31622767448425293,-0.38,5.255911827087402,4.392611026763916
851,-0.31622767448425293,-0.336,5.348148822784424,4.318384170532227
852,-0.31622767448425293,-0.348,5.438630104064941,4.233487129211426
853,-0.31622767448425293,-0.352,5.5262908935546875,4.154798984527588
854,-0.31622767448425293,-0.312,5.610775947570801,4.080416202545166
855,-0.31622767448425293,-0.36,5.695634841918945,3.994364023208618
856,-0.31622767448425293,-0.324,5.776608943939209,3.9257519245147705
857,-0.31622767448425293,-0.344,5.85689115524292,3.8476650714874268
858,-0.31622767448425293,-0.352,5.934707164764404,3.777690887451172
859,-0.31622767448425293,-0.316,6.009347915649414,3.7131528854370117
860,-0.31622767448425293,-0.328,6.0840067863464355,3.638430118560791
861,-0.31622767448425293,-0.328,6.157618999481201,3.5681419372558594
862,-0.31622767448425293,-0.308,6.230185031890869,3.4988999366760254
863,-0.31622767448425293,-0.34,6.303479194641113,3.423283100128174
864,-0.31622767448425293,-0.32,6.374661922454834,3.3588130474090576
865,-0.31622767448425293,-0.304,6.44550895690918,3.289031982421875
866,-0.31622767448425293,-0.36,6.517437934875488,3.2136499881744385
867,-0.31622767448425293,-0.332,6.585482120513916,3.157968044281006
868,-0.31622767448425293,-0.348,6.652123928070068,3.0957798957824707
869,-0.31622767448425293,-0.304,6.715944766998291,3.040930986404419
870,-0.31622767448425293,-0.308,6.780849933624268,2.9725730419158936
871,-0.31622767448425293,-0.292,6.846481800079346,2.90461802482605
872,-0.31622767448425293,-0.344,6.9142608642578125,2.829996109008789
873,-0.31622767448425293,-0.344,6.979574203491211,2.7725260257720947
874,-0.31622767448425293,-0.364,7.042421817779541,2.717521905899048
875,-0.31622767448425293,-0.284,7.101028919219971,2.672405958175659
876,-0.31622767448425293,-0.312,7.1624932289123535,2.601840019226074
877,-0.31622767448425293,-0.328,7.224329948425293,2.538809061050415
878,-0.31622767448425293,-0.336,7.285120964050293,2.4813430309295654
879,-0.31622767448425293,-0.332,7.344155788421631,2.427891969680786
880,-0.31622767448425293,-0.308,7.40178918838501,2.374713897705078
881,-0.31622767448425293,-0.34,7.460148811340332,2.3140289783477783
882,-0.31622767448425293,-0.304,7.516398906707764,2.264492988586426
883,-0.31622767448425293,-0.336,7.573731899261475,2.203706979751587
884,-0.31622767448425293,-0.328,7.629308223724365,2.153714895248413
885,-0.31622767448425293,-0.308,7.683837890625,2.1025099754333496
886,-0.31622767448425293,-0.308,7.739095211029053,2.044929027557373
887,-0.31622767448425293,-0.3,7.795080184936523,1.9866199493408203
888,-0.31622767448425293,-0.36,7.852502822875977,1.9246139526367188
889,-0.31622767448425293,-0.32,7.906041145324707,1.883437991142273
890,-0.31622767448425293,-0.34,7.95924186706543,1.8313020467758179
891,-0.31622767448425293,-0.312,8.010332107543945,1.786926031112671
892,-0.31622767448425293,-0.32,8.061795234680176,1.7342690229415894
893,-0.31622767448425293,-0.352,8.112920761108398,1.6842080354690552
894,-0.31622767448425293,-0.288,8.160870552062988,1.6463600397109985
895,-0.31622767448425293,-0.324,8.211323738098145,1.5879360437393188
896,-0.31622767448425293,-0.32,8.26108455657959,1.540369987487793
897,-0.31622767448425293,-0.32,8.310508728027344,1.4920109510421753
898,-0.31622767448425293,-0.332,8.359596252441406,1.4439890384674072
899,-0.31622767448425293,-0.324,8.407282829284668,1.4007569551467896
900,-0.31622767448425293,-0.316,8.454277038574219,1.35595703125
901,-0.31622767448425293,-0.324,8.501290321350098,1.3088799715042114
902,-0.31622767448425293,-0.324,8.547611236572266,1.264754056930542
903,-0.31622767448425293,-0.316,8.593240737915039,1.2213189601898193
904,-0.31622767448425293,-0.336,8.63888931274414,1.1756069660186768
905,-0.31622767448425293,-0.3,8.682780265808105,1.1372989416122437
906,-0.31622767448425293,-0.336,8.728110313415527,1.087386965751648
907,-0.31622767448425293,-0.284,8.771682739257812,1.0493979454040527
908,-0.31622767448425293,-0.352,8.818113327026367,0.9938660264015198
909,-0.31622767448425293,-0.3,8.861368179321289,0.9607139825820923
910,-0.31622767448425293,-0.352,8.906061172485352,0.91143798828125
911,-0.31622767448425293,-0.316,8.947577476501465,0.8800240159034729
912,-0.31622767448425293,-0.312,8.989112854003906,0.838424026966095
913,-0.31622767448425293,-0.304,9.031021118164062,0.7953220009803772
914,-0.31622767448425293,-0.38,9.07401180267334,0.748878002166748
915,-0.31622767448425293,-0.296,9.111344337463379,0.7295560240745544
916,-0.31622767448425293,-0.296,9.150467872619629,0.6847190260887146
917,-0.31622767448425293,-0.336,9.191384315490723,0.6380900144577026
918,-0.31622767448425293,-0.312,9.230545043945312,0.6045140027999878
919,-0.31622767448425293,-0.312,9.2700777053833,0.563785970211029
920,-0.31622767448425293,-0.328,9.309985160827637,0.5226849913597107
921,-0.31622767448425293,-0.316,9.348846435546875,0.4871490001678467
922,-0.31622767448425293,-0.316,9.387723922729492,0.44820600748062134
923,-0.31622767448425293,-0.32,9.42662239074707,0.40924501419067383
924,-0.31622767448425293,-0.344,9.465182304382324,0.37174901366233826
925,-0.31622767448425293,-0.276,9.501276969909668,0.34349799156188965
926,-0.31622767448425293,-0.336,9.540939331054688,0.29247498512268066
927,-0.31622767448425293,-0.292,9.578845024108887,0.26015299558639526
928,-0.31622767448425293,-0.34,9.61889934539795,0.21325699985027313
929,-0.31622767448425293,-0.308,9.656842231750488,0.18202799558639526
930,-0.31622767448425293,-0.312,9.695512771606445,0.14103299379348755
931,-0.31622767448425293,-0.344,9.734557151794434,0.10079500079154968
932,-0.31622767448425293,-0.276,9.771136283874512,0.07205899804830551
933,-0.31622767448425293,-0.36,9.81128215789795,0.020552000030875206
934,-0.31622767448425293,-0.292,9.847542762756348,-0.0033470001071691513
935,-0.31622767448425293,-0.336,9.885951042175293,-0.048597000539302826
936,-0.31622767448425293,-0.332,9.922603607177734,-0.07966600358486176
937,-0.31622767448425293,-0.28,9.957856178283691,-0.11046399921178818
938,-0.31622767448425293,-0.32,9.996319770812988,-0.15915900468826294
939,-0.31622767448425293,-0.304,10.03444766998291,-0.19622200727462769
940,-0.31622767448425293,-0.344,10.07365894317627,-0.2388859987258911
941,-0.31622767448425293,-0.304,10.110404968261719,-0.26778900623321533
942,-0.31622767448425293,-0.336,10.148233413696289,-0.30907100439071655
943,-0.31622767448425293,-0.292,10.184307098388672,-0.33956000208854675
944,-0.31622767448425293,-0.332,10.222528457641602,-0.3846229910850525
945,-0.31622767448425293,-0.32,10.259347915649414,-0.4169889986515045
946,-0.31622767448425293,-0.324,10.295831680297852,-0.45240798592567444
947,-0.31622767448425293,-0.3,10.331624984741211,-0.4860059916973114
948,-0.31622767448425293,-0.332,10.368856430053711,-0.5278199911117554
949,-0.31622767448425293,-0.304,10.404685974121094,-0.5591959953308105
950,-0.31622767448425293,-0.324,10.441598892211914,-0.5995619893074036
951,-0.31622767448425293,-0.304,10.477822303771973,-0.6335899829864502
952,-0.31622767448425293,-0.352,10.515128135681152,-0.6743490099906921
953,-0.31622767448425293,-0.288,10.549259185791016,-0.6983780264854431
954,-0.31622767448425293,-0.34,10.585891723632812,-0.7429829835891724
955,-0.31622767448425293,-0.288,10.620415687561035,-0.7707930207252502
956,-0.31622767448425293,-0.328,10.657442092895508,-0.8157910108566284
957,-0.31622767448425293,-0.284,10.693422317504883,-0.8484460115432739
958,-0.31622767448425293,-0.352,10.732259750366211,-0.8963860273361206
959,-0.31622767448425293,-0.308,10.767923355102539,-0.9219459891319275
960,-0.31622767448425293,-0.304,10.804314613342285,-0.9606620073318481
961,-0.31622767448425293,-0.348,10.841790199279785,-1.0015900135040283
962,-0.31622767448425293,-0.296,10.876444816589355,-1.0272719860076904
963,-0.31622767448425293,-0.34,10.912893295288086,-1.0694329738616943
964,-0.31622767448425293,-0.292,10.94723129272461,-1.0970580577850342
965,-0.31622767448425293,-0.34,10.98371696472168,-1.1403859853744507
966,-0.31622767448425293,-0.328,11.01809310913086,-1.1680480241775513
967,-0.31622767448425293,-0.288,11.051423072814941,-1.1980539560317993
968,-0.31622767448425293,-0.32,11.08725643157959,-1.2418580055236816
969,-0.31622767448425293,-0.344,11.122753143310547,-1.2762900590896606
970,-0.31622767448425293,-0.312,11.155784606933594,-1.3014789819717407
971,-0.31622767448425293,-0.324,11.189190864562988,-1.3360790014266968
972,-0.31622767448425293,-0.296,11.221905708312988,-1.3665989637374878
973,-0.31622767448425293,-0.332,11.256414413452148,-1.4068189859390259
974,-0.31622767448425293,-0.296,11.289522171020508,-1.4354729652404785
975,-0.31622767448425293,-0.36,11.324422836303711,-1.4760860204696655
976,-0.31622767448425293,-0.312,11.355439186096191,-1.4947409629821777
977,-0.31622767448425293,-0.304,11.386829376220703,-1.5273250341415405
978,-0.31622767448425293,-0.28,11.419302940368652,-1.5632519721984863
979,-0.31622767448425293,-0.312,11.45499038696289,-1.6091699600219727
980,-0.31622767448425293,-0.348,11.491049766540527,-1.6464240550994873
981,-0.31622767448425293,-0.264,11.524291038513184,-1.670691967010498
982,-0.31622767448425293,-0.38,11.562163352966309,-1.7233140468597412
983,-0.31622767448425293,-0.292,11.594378471374512,-1.7375190258026123
984,-0.31622767448425293,-0.304,11.628740310668945,-1.7787230014801025
985,-0.31622767448425293,-0.308,11.664185523986816,-1.8176230192184448
986,-0.31622767448425293,-0.312,11.700361251831055,-1.8561209440231323
987,-0.31622767448425293,-0.34,11.736910820007324,-1.8938640356063843
988,-0.31622767448425293,-0.32,11.771349906921387,-1.921589970588684
989,-0.31622767448425293,-0.296,11.805453300476074,-1.9546279907226562
990,-0.31622767448425293,-0.348,11.841349601745605,-1.99623703956604
991,-0.31622767448425293,-0.296,11.87442684173584,-2.0203421115875244
992,-0.31622767448425293,-0.324,11.909297943115234,-2.060925006866455
993,-0.31622767448425293,-0.316,11.943477630615234,-2.092910051345825
994,-0.31622767448425293,-0.324,11.977677345275879,-2.127173900604248
995,-0.31622767448425293,-0.304,12.011185646057129,-2.15848708152771
996,-0.31622767448425293,-0.348,12.045778274536133,-2.196532964706421
997,-0.31622767448425293,-0.292,12.077550888061523,-2.2193329334259033
998,-0.31622767448425293,-0.32,12.111472129821777,-2.260097026824951
999,-0.31622767448425293,-0.312,12.145057678222656,-2.292617082595825
