family,feedback_noise_alpha,feedback_bias_alpha,units,operating_conditions,median_log_R_degradation,ci_low_log_R_degradation,ci_high_log_R_degradation,median_log_R_abs_degradation,ci_low_log_R_abs_degradation,ci_high_log_R_abs_degradation,median_R_degradation_percent,ci_low_R_degradation_percent,ci_high_R_degradation_percent,median_R_abs_degradation_percent,ci_low_R_abs_degradation_percent,ci_high_R_abs_degradation_percent
CT,0.0,0.0,72,24,0.0,0.0,0.0,0.0,0.0,0.0,0.0,0.0,0.0,0.0,0.0,0.0
CT,0.0,0.05,72,24,0.0011539155760465886,-0.00023621973822357238,0.0035078649927253397,-0.0002616366856803216,-0.0011568586389981077,0.0006577736201867454,0.1154581592775967,-0.023619184053791376,0.3514024751557105,-0.026160246178748174,-0.11561897360097273,0.06579900006949817
CT,0.0,0.1,72,24,0.01147115983871961,0.005358929372786925,0.019042172301960987,0.0019771356274035858,-0.00036291366126023556,0.008262321097537655,1.1537205892759999,0.5373314118931884,1.9224630759968178,0.19790914488104872,-0.03628478160630857,0.8296548272861415
CT,0.0,0.2,72,24,0.05509625200435596,0.027474679664658417,0.07617463352220781,0.008784326028118449,0.003017019641792015,0.18974316073293152,5.6642313721630275,2.785558912956132,7.915101364538625,0.8823021441387486,0.3021575426029533,20.89390547583987
CT,0.05,0.0,72,24,-0.000801091683037351,-0.002838146986917689,0.0005584481156405236,-0.0020903609282190956,-0.0047874015729876184,-0.0011497528708396634,-0.08007708947610268,-0.28341232553054124,0.05586040768201794,-0.20881776453620088,-0.47759602314576544,-0.1149092158250653
CT,0.05,0.05,72,24,-0.0008669182060224896,-0.0035858678951404916,0.0012986801401398658,-0.0031399187692432327,-0.005899915872663969,-0.0010160255297590316,-0.08665425409993144,-0.3579446348758555,0.1299523790364132,-0.3134994379713875,-0.5882545546954221,-0.10155095505846035
CT,0.05,0.1,72,24,0.005584671892145461,0.0007989223318763574,0.016729991740606718,-0.0010713000407243354,-0.0039046934532505815,0.001405106719055815,0.5600295242438359,0.07992415553284643,1.687072176108817,-0.1070726403699783,-0.3897080050327073,0.14060943440204388
CT,0.05,0.2,72,24,0.048990685458515947,0.026833875032990343,0.09170622443065699,0.00763604820489484,0.0014000479932394102,0.1718642083496033,5.021056846456256,2.7197145496757402,9.604278418675147,0.7665277171555109,0.1401028517971599,18.751656743031546
CT,0.1,0.0,72,24,-0.002644737453989543,-0.009349835360321405,0.0017336040141882236,-0.006265752040386284,-0.01210227413991627,-0.00336109233720601,-0.26412432170145367,-0.9306261558059581,0.17351075743610095,-0.6246163150466463,-1.2029336155239267,-0.3355450189386463
CT,0.1,0.05,72,24,-0.002014487412295251,-0.009625983129181307,0.0027753064866999373,-0.006855704440694459,-0.011412012666479275,-0.003172824024870618,-0.2012459694360735,-0.957980165307204,0.27791612149400413,-0.6832257710886057,-1.1347142650240838,-0.31677959378750176
CT,0.1,0.1,72,24,0.004858840705132355,-0.003377185493721389,0.015635350298465626,-0.006079870938166754,-0.009129779931332026,1.1765537351855198e-05,0.4870664013065149,-0.33714892170571265,1.5758221933043437,-0.606142592289016,-0.9088230033819187,0.0011765606566061233
CT,0.1,0.2,72,24,0.04446815104506811,0.023280599581661936,0.07975740025086028,0.003929145604088112,-0.0041278743327289565,0.1646158285960856,4.547167899982269,2.355370799793244,8.302429437975084,0.393687481642862,-0.41193663701015787,17.894011662200406
CT,0.2,0.0,72,24,-0.0024720998597351665,-0.019817013879322984,0.01087192201050001,-0.020981325122202115,-0.029907242025391894,-0.0051747095508759226,-0.246904673726966,-1.9621947529075372,1.0931236112477987,-2.0762748465286816,-2.9464445714326297,-0.5161343805962226
CT,0.2,0.05,72,24,-0.00015197995708676027,-0.01916202904168514,0.013379248138737587,-0.020529783420081632,-0.028689891447980797,-0.006269243366370659,-0.015196840871812984,-1.8979604430022816,1.3469150774917615,-2.0320482166624876,-2.8282244266107037,-0.6249632663002525
CT,0.2,0.1,72,24,0.007509691112042645,-0.010296775205197816,0.021659510680517,-0.018752155536847837,-0.026261326948337244,0.019684111704532627,0.753795956047461,-1.0243944898133526,2.1895780629075823,-1.857742774702071,-2.5919497140238072,1.9879121259669175
CT,0.2,0.2,72,24,0.04274581040148505,0.025609051644277705,0.08697529700866038,-0.007207451641815301,-0.022103157596512678,0.2937846518509826,4.3672570419029935,2.5939780590297667,9.08697316398967,-0.7181540251300482,-2.186067265546211,34.14949840971992
CT,0.4,0.0,72,24,0.03495573885917615,-0.027846947767595824,0.07476920108595475,-0.07048117503597078,-0.10739753537011823,0.609305108681702,3.557387210425182,-2.74627955987774,7.763540509937352,-6.805471680289632,-10.18314517561051,83.91529432259786
CT,0.4,0.05,72,24,0.041050425877137635,-0.016044735737998736,0.07577575346846956,-0.06137484841765113,-0.11001543340848742,0.5991724537670264,4.19046431763663,-1.5916704621916724,7.872064766897971,-5.95293602368026,-10.41796903709299,82.06115365924732
CT,0.4,0.1,72,24,0.058137875155195334,-0.008794884749892927,0.08622868335220255,-0.05907039147751873,-0.10733571419992557,0.6648893234292315,5.98611141526039,-0.8756322882875536,9.005557736800641,-5.73595870297657,-10.177592420905116,94.42753237029252
CT,0.4,0.2,72,24,0.10079510270081579,0.05040177142831575,0.132250880439161,0.06967762225375476,-0.09473743133125054,0.9831847592213006,10.604999188814222,5.169355192556413,14.139463693775284,7.216248420942521,-9.038826134109122,167.29554202502084
LFTA,0.0,0.0,72,24,0.0,0.0,0.0,0.0,0.0,0.0,0.0,0.0,0.0,0.0,0.0,0.0
LFTA,0.0,0.05,72,24,0.0021467672944052198,0.000804056820836851,0.004771507141232353,0.000463178324509548,-0.0006397015506060509,0.001674882761510167,0.21490732491342052,0.08043801611779466,0.47829089087571086,0.04632856081528758,-0.06394969851917232,0.16762861610430946
LFTA,0.0,0.1,72,24,0.011262814349466188,0.005396852186607782,0.0173817729458084,0.002194947537685325,0.000987905441604255,0.0189148771300179,1.1326478631499672,0.5411441426886505,1.7533715025455365,0.2197358198467243,0.09883935809169575,1.909489664278552
LFTA,0.0,0.2,72,24,0.04192165253708738,0.028071033670092532,0.060681614833005715,0.02450283736103425,0.0057621993396073014,0.14889534683395997,4.281277381499654,2.846873773578862,6.256055680574768,2.4805498846263587,0.5778832743204116,16.055152746181676
LFTA,0.05,0.0,72,24,0.00044629094586340324,-0.0007752542111211305,0.004629390013847583,-0.0027724217762629504,-0.005249957678146809,-0.0014755612919035118,0.04463905484842813,-0.07749537792172484,0.46401221945568344,-0.2768582164171234,-0.5236200735320318,-0.14744731865949234
LFTA,0.05,0.05,72,24,0.0011565906134145898,-0.0015249173574654867,0.009627286926240862,-0.0021888927637298255,-0.0030358604455120912,-0.0006114503086848555,0.11572597222749201,-0.15237552617669606,0.9673778328605366,-0.21864988849308203,-0.3031256880961286,-0.06112634110396753
LFTA,0.05,0.1,72,24,0.011775490850981719,0.003807450638280155,0.022329133007931965,0.0008736786122834565,-0.0038251067756942597,0.012973199493161962,1.1845094882277727,0.38147081864571863,2.2580294017222613,0.08740603806150841,-0.3817800373662943,1.3057716535723518
LFTA,0.05,0.2,72,24,0.04357401633502024,0.02275548614327481,0.06670769210577351,0.02575771383655051,-9.981542515076124e-05,0.14128918484792624,4.453730427394514,2.3016367285713617,6.898296034300894,2.6092310384646,-0.009981044375695358,15.175767069671048
LFTA,0.1,0.0,72,24,0.005413569020610742,0.0008839781557132547,0.01265588184393405,-0.00498011312319069,-0.010178617182402028,-0.002685925120768456,0.5428248863540689,0.08843689795545728,1.2736306439825151,-0.49677329199612685,-1.0126990370190712,-0.2682321251187947
LFTA,0.1,0.05,72,24,0.00870698984860565,0.000904288673679789,0.01604422789656756,-0.0038666736895986847,-0.008585666578022252,0.00022404605894257087,0.874500593985395,0.09046976659555318,1.617362763433508,-0.38592077327939034,-0.8548914996877914,0.022407115913533282
LFTA,0.1,0.1,72,24,0.01543110075544564,0.006011345204634966,0.025156492862543685,-0.0019541628475040155,-0.0073085739173185055,0.009859752355692485,1.5550774966590055,0.6029449599294745,2.5475587578295844,-0.19522547144233726,-0.7281931237143846,0.9908519860678977
LFTA,0.1,0.2,72,24,0.053801747224596484,0.02679729430403667,0.06878207350415373,0.018680994466663006,-0.004059558176430245,0.15309684213317898,5.5275370144405835,2.715957056365941,7.120274025021711,1.88565758847805,-0.4051329309090873,16.543783696416302
LFTA,0.2,0.0,72,24,0.020934791162872717,0.005458295932439187,0.034897257596649904,-0.010313170200340702,-0.019245485147920502,0.0030691181130905747,2.115546110626178,0.5473219569870347,3.551331220759884,-1.0260171810829122,-1.9061473156104496,0.30738326780383546
LFTA,0.2,0.05,72,24,0.023911379484349633,0.006252931589902989,0.036673517264628766,-0.011259289138730848,-0.018873699892685624,0.007612725195509308,2.419954877653664,0.6272521977803036,3.735428728057624,-1.1196140567655948,-1.8696706872370794,0.7641775658902228
LFTA,0.2,0.1,72,24,0.03232184629822804,0.013125948822344016,0.04654548765031259,-0.004563162505680348,-0.015632816968137456,0.02827856516335501,3.2849870724477452,1.321247224146127,4.764573292744543,-0.4552767097643342,-1.551125874179236,2.8682199537961846
LFTA,0.2,0.2,72,24,0.06420168717955332,0.04001841320017475,0.09215669609309307,0.016579318818005777,-0.013634429379280374,0.11534896741409742,6.630743761511569,4.082993902595988,9.65366316256324,1.671751841962054,-1.3541901545797486,12.226500316223449
LFTA,0.4,0.0,72,24,0.05219889383039431,0.02569522264858974,0.08233318425485173,-0.031961996935116484,-0.05847132229910222,0.08319798166074346,5.3585273286135955,2.6028190660692374,8.581752687058675,-3.145661100294013,-5.679471102901833,8.67569451958143
LFTA,0.4,0.05,72,24,0.05764677454212665,0.029718599657474466,0.08470202085097021,-0.03342140091842034,-0.059192446392559814,0.10603804709008488,5.934074349730839,3.0164604489743754,8.839270004297976,-3.286907615351547,-5.747463390412402,11.186417889836097
LFTA,0.4,0.1,72,24,0.06827977536849687,0.039067979409905446,0.095616092092578,-0.029366452101540323,-0.05718051623096898,0.11461523062703956,7.066481222231177,3.984116903662168,10.033655499260778,-2.89394479218656,-5.557642980527742,12.1441858067435
LFTA,0.4,0.2,72,24,0.104620557427062,0.06863475148668222,0.1348179331870556,0.022183943142591332,-0.05287777753276672,0.3057940965117519,11.028923941201548,7.104494012540422,14.432842115527711,2.243183649955856,-5.150406708880539,35.77027220386957
PTA,0.0,0.0,288,24,0.0,0.0,0.0,0.0,0.0,0.0,0.0,0.0,0.0,0.0,0.0,0.0
PTA,0.0,0.05,288,24,0.01996688872095441,0.006221399712716469,0.03970814176239423,0.0011882635183544038,-8.045475137255615e-05,0.024319790506806462,2.016756041474966,0.62407928164665,4.05070493186105,0.11889697831641295,-0.008045151497584202,2.4617928591100746
PTA,0.0,0.1,288,24,0.07382777094985954,0.03435700142890891,0.11064094739622819,0.013670101959553226,0.001004504801937987,0.15152652930131996,7.662136405258474,3.4954020847807805,11.699377532168091,1.3763965021545972,0.10050094858582058,16.360917113852267
PTA,0.0,0.2,288,24,0.22185340959414063,0.1353623825858301,0.29137941360226827,0.26698081297135545,0.007846376579093074,0.7665634252983716,24.83883626937197,14.495161971082082,33.82722463307349,30.601538753560238,0.7877240061162194,115.23567945879111
PTA,0.05,0.0,288,24,0.007553909929184702,0.0009532284682620365,0.018456583665312526,-0.0023899953558102734,-0.003392691373080548,-0.0011438806414125209,0.7582512682308011,0.09536829349104334,1.8627959117120438,-0.23871415908576019,-0.3386942698701005,-0.1143226659334536
PTA,0.05,0.05,288,24,0.02602444873154691,0.005341093981521597,0.04798662863240409,-0.0013308247835836391,-0.006815815772490625,0.013722226951010974,2.63660415145122,0.5355383052411122,4.915662657175934,-0.13299396289867738,-0.6792640782215127,1.3816808836792638
PTA,0.05,0.1,288,24,0.07481423847502511,0.03418399027608815,0.10850873532320413,0.007669366211293655,-0.0019219214598287146,0.1511175347875216,7.768394007732511,3.4774977748217584,11.46146450149878,0.7698851129013333,-0.19200757514047373,16.313335868029675
PTA,0.05,0.2,288,24,0.22093323778662521,0.13999310722856712,0.29463864299325626,0.27117483870530235,0.005281503798036777,0.7690249254780812,24.724015927076504,15.026587031017138,34.264109824703354,31.15043520632611,0.5295475525635562,115.76613471247505
PTA,0.1,0.0,288,24,0.02946259323353245,0.004857644944305593,0.05447992093009706,-0.006505105065571079,-0.009792595611782605,-0.0015129602836802542,2.990090948852403,0.4869462428807564,5.5991272878266924,-0.6483992673862009,-0.9744804275007152,-0.15118163362586595
PTA,0.1,0.05,288,24,0.04463680484280745,0.008022773769667526,0.07698317601263802,-0.005751681555684538,-0.012835154472448547,0.018492916706042722,4.564801663850318,0.8055042456213357,8.00239059312069,-0.5735172302479783,-1.2753135162464544,1.8664969640596316
PTA,0.1,0.1,288,24,0.08572554625179865,0.038779931118702045,0.13345253881833932,0.0012642685282249174,-0.007857962556931615,0.15139015384518734,8.950726791451157,3.9541687699372163,14.27670277745101,0.12650680525829738,-0.7827169478898865,16.345049422711256
PTA,0.1,0.2,288,24,0.22118229855276428,0.14911065477695887,0.29578958181186776,0.29312660982113037,0.0026351539332367725,0.8163341814887664,24.755083654754674,16.08014303260092,34.4187285619322,34.06125143977473,0.2638629003140317,126.21918343179468
PTA,0.2,0.0,288,24,0.08462900984925524,0.040102434685489165,0.1428029073142725,-0.015634443765549483,-0.02756165820088582,0.03161474658934648,8.831323830251629,4.0917394777426175,15.350243236794503,-1.55128603042261,-2.718530129989238,3.21198010280237
PTA,0.2,0.05,288,24,0.10317841543672357,0.047371838767637967,0.16829772605312382,-0.01604148909422012,-0.028314072860003293,0.10023832614803019,10.868919869869814,4.851181394363484,18.32888541294235,-1.5913509648821675,-2.7916986040118164,10.54343405924576
PTA,0.2,0.1,288,24,0.14471649144138565,0.0737010076083549,0.21539269307871817,-0.006835175514479894,-0.025265298361266546,0.25234855353769714,15.571186961091923,7.648489658066125,24.03488777623029,-0.6811868834305763,-2.4948801773364226,28.704456304830323
PTA,0.2,0.2,288,24,0.25568272142253656,0.16433556629768986,0.36017452749398116,0.30867356189923034,-0.003406425036098848,0.9190671120974606,29.13429474824666,17.860975045200213,43.35795917818797,36.161781401410074,-0.34006297526027107,150.6950594840527
PTA,0.4,0.0,288,24,0.24797368492399008,0.14198961377338953,0.35529643078657164,-0.056584818448496985,-0.10282330652428531,0.6435492885012688,28.142621092219265,15.256467767691351,42.66034808009247,-5.50136711784066,-9.7713612484708,90.32239966383135
PTA,0.4,0.05,288,24,0.25603403999796326,0.1419010911350236,0.3817801422700028,-0.053901081747047046,-0.10319305942550219,0.6967839346307132,29.179669994833134,15.246265412652171,46.488998233965,-5.247417053405549,-9.804717382278374,100.72867501695073
PTA,0.4,0.1,288,24,0.2827928051889744,0.1708662223184552,0.4065068362669202,-0.012502273787719512,-0.08308000430506103,0.8764164662525871,32.68302209980825,18.633203365665672,50.15634064189951,-1.2424445045840458,-7.972248188845866,140.22756275255045
PTA,0.4,0.2,288,24,0.40483061878361193,0.27958828632367616,0.5220941943387221,0.46767748929533376,0.007798588455181963,1.405510917004944,49.9048567881851,32.258517382340166,68.55538334487656,59.62825014665436,0.7829076649555671,307.76095292043243
SBTA,0.0,0.0,72,24,0.0,0.0,0.0,0.0,0.0,0.0,0.0,0.0,0.0,0.0,0.0,0.0
SBTA,0.0,0.05,72,24,0.0017465434948162484,-0.0016762499565442408,0.04921785350310014,0.0008326134754284055,-0.0001487152613557775,0.12015377409822589,0.1748069590240576,-0.16748458342487257,5.0449169846080855,0.08329601942490483,-0.014870420378944716,12.767024472232524
SBTA,0.0,0.1,72,24,0.007417958693263846,-0.0026225612318224213,0.10412080785325938,0.04584885483623144,0.001249131015082156,0.602807013664467,0.744553990543673,-0.2619125322399027,10.973451146189527,4.691616268314712,0.12499115041724547,82.72406980167085
SBTA,0.0,0.2,72,24,0.08282527624827962,0.030360029050173626,0.2186309827966483,0.6528958463645862,0.007611438723119743,1.464116278156891,8.63519804712673,3.0825594312869518,24.437199727737678,92.10959805103549,0.7640479356413099,332.37205851430315
SBTA,0.05,0.0,72,24,-0.0017100285446692248,-0.005536502381267584,0.0008086602547065104,-0.0020423993176308347,-0.005021916964827192,-0.0013305867344359434,-0.17085672789115006,-0.5521204197789553,0.08089873085628252,-0.20403150393621533,-0.5009328221849728,-0.1329701896401777
SBTA,0.05,0.05,72,24,0.0017942817864360877,-0.003661714053628026,0.04853132778929676,-0.001206883775454155,-0.002996450083979058,0.08237222815655917,0.17958924731985704,-0.36550181540392357,4.972825697086614,-0.12061557841268539,-0.29919652081134007,8.585992225101325
SBTA,0.05,0.1,72,24,0.008140293837965638,-0.006348500939047353,0.10071530889542814,0.018603319639784097,-0.00045787941688732697,0.5139066865309474,0.8173516115030952,-0.6328391783794629,10.596173947138539,1.877743945012843,-0.04577746061046328,67.18096901955377
SBTA,0.05,0.2,72,24,0.06342372008544776,0.029888167989604704,0.21443486369289685,0.6515724011618399,0.0061093688229311325,1.3644538785119864,6.5478208114906495,3.0339302594761235,23.916140394795484,91.85551969157132,0.6128069079497145,291.35851753162495
SBTA,0.1,0.0,72,24,-0.003592542275675634,-0.009138404628809976,0.002427773251236261,-0.006343002510609175,-0.009950366366894994,-0.0038705387973687407,-0.358609681651276,-0.90967763112079,0.24307226790803405,-0.6322928136545081,-0.9901025261115128,-0.38630579168694723
SBTA,0.1,0.05,72,24,0.0029552783635563235,-0.009715030521152607,0.03723194111232569,-0.004532824776742016,-0.007882984449427088,0.044204244737076855,0.2959649503577229,-0.9667992062069298,3.793373242604048,-0.45225670312207394,-0.7851995210206408,4.519580883244822
SBTA,0.1,0.1,72,24,0.008875594226477351,-0.008742770097421205,0.08568951063460582,-0.002431654845782647,-0.006752452923142277,0.43894291538401803,0.8915099102834645,-0.870466321702671,8.946800755506608,-0.24287007680557351,-0.6729706340109609,55.106674281109576
SBTA,0.1,0.2,72,24,0.062496756881977714,0.028540490704849777,0.20873417199841074,0.6217021549800796,0.0018176530032737136,1.3339714638631395,6.4491006642293165,2.8951672969548494,23.21174236804397,86.20949199644359,0.18193059358280944,279.6089522561885
SBTA,0.2,0.0,72,24,-0.0038274297332081576,-0.027192022776474933,0.01702052546384853,-0.0182156656335098,-0.028080773727958426,-0.0012666557952633023,-0.38201144599010134,-2.6825648059671128,1.716619991904325,-1.80507631836207,-2.7690173460125496,-0.12658539254115642
SBTA,0.2,0.05,72,24,0.00031433042652899423,-0.021368108027716267,0.03882519115886621,-0.015752449910330365,-0.024575397645832515,0.04151873106515776,0.03143798335140858,-2.1141427456621944,3.9588738462661444,-1.5629028981724258,-2.427588115660584,4.23926867939477
SBTA,0.2,0.1,72,24,0.012263441205035999,-0.013544842796896493,0.07870086878541872,-0.010942443300279759,-0.020161281043606198,0.38458964423353015,1.2338945532074694,-1.3453524177437983,8.188064938974325,-1.0882792540862747,-1.9959401410646678,46.901138044847166
SBTA,0.2,0.2,72,24,0.06734334081709877,0.021602539281495726,0.1593479582368374,0.5284149916983416,-0.01141466618894662,1.3731036117690616,6.96626739908453,2.1837563455172115,17.274594230422466,69.62416197508381,-1.134976605932958,294.7583469275442
SBTA,0.4,0.0,72,24,0.04491222519006702,-0.01063959858705444,0.09577927800059487,-0.07895250979412771,-0.11293216435992394,0.43628643762173147,4.59360490415285,-1.058319826084142,10.051612906403886,-7.591619166664788,-10.678875038223056,54.69518364994157
SBTA,0.4,0.05,72,24,0.048440037317847406,-0.009263308369924977,0.10447046631921406,-0.07165613315694987,-0.1119671529608333,0.6102993790683453,4.963243115745195,-0.922053610173823,11.012260737534678,-6.914907044594816,-10.59263753105899,84.09824679043226
SBTA,0.4,0.1,72,24,0.07162599867466879,-0.003500645778040988,0.12019520318517807,-0.021382293419246894,-0.09639803609836145,0.8372158073803545,7.425349669126854,-0.3494525661145942,12.771696403870985,-2.115531285024148,-9.189751344807927,130.99267345376592
SBTA,0.4,0.2,72,24,0.1435744466904164,0.04366742489465505,0.197861500130614,0.4943381417742324,-0.07082724670387189,1.6330032661472869,15.43927483277397,4.4634877556041115,21.879357937997092,63.94128210392115,-6.837718086038946,411.92260532322206
SETA,0.0,0.0,144,24,0.0,0.0,0.0,0.0,0.0,0.0,0.0,0.0,0.0,0.0,0.0,0.0
SETA,0.0,0.05,144,24,0.00986864442479021,0.0036942038521186596,0.01924499619427123,0.00046133007823773923,-0.0011103232518094226,0.004498860262753072,0.9917500076946251,0.3701035833489241,1.9431374832327375,0.04614365073239663,-0.1109707071022053,0.4508995327632048
SETA,0.0,0.1,144,24,0.041373120548436615,0.01960271874247907,0.060242770291971934,0.003663956506771849,0.0006764008311605741,0.052186145140967824,4.224091450628607,1.9796113655216496,6.209436020727366,0.3670677000772798,0.06766296417890966,5.357184154032127
SETA,0.0,0.2,144,24,0.14762716083890565,0.09249604362787944,0.20443762147853303,0.06545968289545331,0.00945287371934455,0.6042699395358235,15.908066512878827,9.69088017723169,22.68349253101281,6.7649691901523035,0.9497693243236546,82.99157719473745
SETA,0.05,0.0,144,24,0.0011736331854209337,-0.0003400255426933138,0.006805114372061895,-0.0025483987675177172,-0.005261319637367763,-0.001878298552928016,0.11743221623569297,-0.033996774056005805,0.6828321776016033,-0.25451543559818807,-0.524750313683321,-0.1876535654123884
SETA,0.05,0.05,144,24,0.010530288775286415,0.0014520792286092789,0.02336455472971814,-0.002345521943232433,-0.004159048086487469,-0.0005599141377104202,1.0585927391532655,0.145313400613075,2.3639644208374038,-0.23427733560165195,-0.41504112238524016,-0.055975741504139365
SETA,0.05,0.1,144,24,0.03913171077176911,0.014821416987236146,0.0632443159420214,0.0006884896187140201,-0.0018316585923715007,0.028105968549205666,3.9907441642245556,1.4931798852318767,6.528707405527396,0.06887266820936623,-0.18299821294974225,2.850466779441553
SETA,0.05,0.2,144,24,0.1482916304528259,0.09923287711231164,0.19164191395633295,0.06421264469584637,0.006507124221670621,0.5500011183473942,15.985109494610377,10.43234412705713,21.12367123375794,6.631912176025123,0.6528341550787825,73.32549562474752
SETA,0.1,0.0,144,24,0.008421464185731156,0.001116695932406124,0.023394131679391434,-0.006355049662219052,-0.010895075115722953,-0.0040035705366410984,0.8457024468368382,0.11173196694621206,2.3669920794356702,-0.6334899042773272,-1.083593874475064,-0.39955669326803955
SETA,0.1,0.05,144,24,0.015869870680495626,0.0032251166686940885,0.03494749778141014,-0.006146737725457504,-0.009121645526925593,-0.0025246115250895365,1.5996465874739452,0.32303229529108757,3.5565337894604956,-0.6127885180119774,-0.9080169523967507,-0.252142737355876
SETA,0.1,0.1,144,24,0.04187593289786268,0.01579864592804225,0.06582057530750987,-0.0025438579879353542,-0.008330656777772734,0.03502028600642172,4.276509788107036,1.5924104354960278,6.803506810955673,-0.2540625123101335,-0.8296053013962523,3.564071760077805
SETA,0.1,0.2,144,24,0.13918466001774613,0.09759561957073454,0.18591848570754585,0.06117127295731216,0.0025447608124382045,0.6277990229364756,14.93363168736867,10.251685871203216,20.432408675059023,6.308097561820679,0.2548001464546257,87.34825459649088
SETA,0.2,0.0,144,24,0.025664368811064542,0.011338051583695965,0.05302433271905056,-0.017235483921676627,-0.02504460511639934,0.0022398039730950918,2.5996534241964966,1.1402570901105307,5.445530257182571,-1.7087802638684584,-2.4733590813586908,0.22423142078087377
SETA,0.2,0.05,144,24,0.03476840770540442,0.01580960771983616,0.0627458897772448,-0.01763156220436342,-0.024118102186354583,0.05193610850399616,3.5379895025516923,1.5935240764508019,6.475623940649511,-1.7477035725372576,-2.382958491050961,5.330844291128045
SETA,0.2,0.1,144,24,0.05505587185562143,0.03126718233980061,0.08918277801665016,-0.01294229448186591,-0.023105603777256373,0.13301604783850735,5.659964720928885,3.1761135417220476,9.328046570055648,-1.2858903134768551,-2.2840713387279448,14.226832912148685
SETA,0.2,0.2,144,24,0.14249771042287943,0.09173171359884506,0.19336015608781115,0.07480414265272564,-0.014456071471059963,0.7624007376135921,15.31504407274814,9.60707217616702,21.3319699313425,7.767306002669272,-1.435208415561795,114.34158276031366
SETA,0.4,0.0,144,24,0.10384369152083481,0.057913993860431716,0.16749732717002225,-0.07785006416666493,-0.10972732500016774,0.6139694100762582,10.94270285103556,5.962385763373712,18.234212998120952,-7.489687774689305,-10.392155982437732,84.77513440416419
SETA,0.4,0.05,144,24,0.11496749554513397,0.061329661850447074,0.16928362170645397,-0.07904279883394846,-0.1055132883271038,0.6390683435063544,12.183697228006682,6.324936917273005,18.445602872898572,-7.599962253991281,-10.013748490011476,89.47148333804907
SETA,0.4,0.1,144,24,0.13447185704881548,0.08879748640463338,0.19472410527183193,-0.0543172039839772,-0.09868653654698611,0.86307812919503,14.393246491386066,9.28593150456576,21.49757348446808,-5.286837507743546,-9.397333023616364,137.04460144565934
SETA,0.4,0.2,144,24,0.22063656258461564,0.16250721361648512,0.30930917971924926,0.2552954978959882,-0.05603893560259009,1.4057845750583735,24.687018892778568,17.645680492628337,36.24835576726444,29.08430059131747,-5.449767852893168,307.872555258816
