path,sha256
simulator/src/Makefile,983ab11e79607354f22cfac602414cf9167236e89d46a247b475e27b98c1549d
simulator/src/animate.c,9c3ac8a9cb85d0d76d72a0e2f5dff5e9a1e9c326aa92f97f147a3491036a2389
simulator/src/animate.h,107edf6b94bdceddfceff3828738a1de8bd10a67d2d041dfa3281f4441b973e6
simulator/src/extern.h,421670054f71153181ca251143797fec858e27b6a235f468e3ec128f2543fe88
simulator/src/ftarget.c,ec46ccc7b16cb0a73555194f9bdf13abfccf63b87db5c4c4d8ac7a54f9d5df41
simulator/src/ftarget.h,0c3c6bab4d1730fee5418fe9d6e04a2eea938fff37c8bb15a31dd14180bc52da
simulator/src/ftracker.c,86ba010cdf4fe7d097fdfd3328331bddf54841efa4cdc547156cf809c54d35f9
simulator/src/ftracker.h,eb72a3d08d1448f890141ad221198653e16ee67628decea05f46a8567ddb699f
simulator/src/fxn.c,2c032714a3c60a95274a4187600edcbf130e9fe45676c40143ec691e33fd9b61
simulator/src/fxn.h,088f234a6d6e2d2c5d045565d6d4c3ac46e2fc0c122ecfa60c52189357a68a45
simulator/src/global.h,b3f6e8ad270104ab6606207fdaebe1c5bd8a67f9309b371bccf55fe8651e6170
simulator/src/gnu.c,2e1cbd9628e26eab26f730c75ad4126561672adf741d48018e0c6d993d18f521
simulator/src/gnu.h,e082f2d728275e83fb2fca158d86dfeed2e40b7566cd7cf87d3f3bcc47803f22
simulator/src/main.c,45d81b0efb1fb0162f42e9c269e604101005d6491dd94f3b80cd2078a6327273
simulator/src/output.c,6282ec03f6930997d0aa0b0b2d9c3ff5846cefaf1c8a5840edea2c54a546f7db
simulator/src/output.h,44976245e0503ee1a78797d6a1e1848baed945cb18e566f9efce7f66d169139b
simulator/src/params.c,cd18f26f93944285f0b71a5ac1a9ebd49fa1bfcf657d81e6e4e5a413e9762469
simulator/src/params.h,8975f977a3c807336dd454b01ba1fa9d622da9404590b4c46d0060f9616af7e3
simulator/src/random.c,08c0fbab1f778ad8f0d37f0fb0d05f44941c5f4defaed7f3f1a486f8b48d34e9
simulator/src/random.h,f79188d0569e1e52a906f6f81d4b1a7703f72910526c5a9ab7d5c0f7e0eefc08
simulator/src/sim.c,29877d5354a82ca92bfcb36aa5b7ec58432932ba0c081ef186321ded431402af
simulator/src/sim.h,2ab7f679816a5918b96ada6c931f75f2c3c367779226abfba35f8b88e707b68c
simulator/src/types.h,2e50a5f78f3bcac9ae90dcc37337fc4d836b0f0c9c806b1428df0e9c3a3d01e8
