pop,n,step_ratio,pattern,threshold_range,R_latent,R_abs_latent,R_clamped,R_abs_clamped,R_log_ratio,R_abs_log_ratio
50,4,1.5,random,HM,1.3166440499999998,160.62547924,1.310718,161.84095268,0.004511034213429213,-0.007538640156421964
50,4,1.5,random,HT1,1.73513745,214.9987371,1.7355137999999999,216.28258779,-0.0002168757241022137,-0.005953675284376686
50,4,1.5,random,HT2,1.56240285,194.07255152000002,1.56554445,194.40578064000002,-0.0020087301703337977,-0.001715561328096804
50,4,1.5,scurve,HM,1.73063243,11.25291146,2.9556468000000002,12.43539092,-0.5352306019748165,-0.0999196222211617
50,4,1.5,scurve,HT1,2.29343064,12.23024575,2.593675,12.519118659999998,-0.12302699630659117,-0.023344925097178552
50,4,1.5,scurve,HT2,3.0812632200000003,12.75832825,3.13253403,12.86564798,-0.01650262199042181,-0.008376557686343275
50,4,1.5,sharp,HM,1.820616,2.22860172,1.8894731999999999,1.86587783,-0.03712315469837037,0.17764272873070114
50,4,1.5,sharp,HT1,1.5230103,2.19387245,1.8104550000000001,3.8144386,-0.17288935804425792,-0.5531252736065077
50,4,1.5,sharp,HT2,1.77614025,2.46336605,1.8395249999999999,2.83012612,-0.03506477507333427,-0.13879254836792723
50,4,1.5,zigzag,HM,2.8224249400000003,24.96490807,3.70270799,28.08072341,-0.2714680178965442,-0.11761217969965596
50,4,1.5,zigzag,HT1,2.75880677,28.70328501,3.12977958,30.82786491,-0.1261643238096157,-0.07140740935662802
50,4,1.5,zigzag,HT2,3.38885772,29.32591423,3.5553518200000003,29.735755049999998,-0.047961114338962475,-0.013878625628950758
50,4,2.0,random,HM,0.8759682,108.51347933999999,0.8663567999999999,109.40528429,0.01103295595980745,-0.008184792476808395
50,4,2.0,random,HT1,1.4971266,188.64351922999998,1.5047376,189.64712474,-0.005070859840265928,-0.005306014730234396
50,4,2.0,random,HT2,1.2426515999999999,156.48764797,1.2434196,156.65306905,-0.000617842340501605,-0.001056528815299763
50,4,2.0,scurve,HM,1.5194406900000001,11.00832171,1.60560262,11.5787337,-0.055156850250984796,-0.05051860796088654
50,4,2.0,scurve,HT1,1.50029035,11.739771699999999,1.9107437200000001,12.09701378,-0.24183389242469547,-0.029976259228905844
50,4,2.0,scurve,HT2,1.78657182,11.93745578,1.92830969,12.09818778,-0.076345211697881,-0.013374669631283876
50,4,2.0,sharp,HM,1.0796418,2.13729674,1.0850406,1.10490984,-0.004988086191266447,0.659778086028884
50,4,2.0,sharp,HT1,1.1547011999999999,1.97688039,1.4137613999999998,3.64446331,-0.20241220287005732,-0.6116890729653608
50,4,2.0,sharp,HT2,1.1702814,2.00159559,1.2279144,2.45097578,-0.04807288774331923,-0.20254156532553233
50,4,2.0,zigzag,HM,1.62166657,24.21583856,1.79954673,26.69320437,-0.10408044916391036,-0.09740211000294982
50,4,2.0,zigzag,HT1,1.84226079,27.794583250000002,2.1836128500000003,29.5817378,-0.16998726806938136,-0.062316050122701416
50,4,2.0,zigzag,HT2,1.96402479,28.04982018,2.10004787,28.40621561,-0.06696430765545747,-0.012625759474984944
50,4,2.5,random,HM,0.55151775,65.57028013,0.5341515,66.34968056,0.03199451653787144,-0.011816399803345229
50,4,2.5,random,HT1,1.3282845,166.53341315999998,1.3345259999999999,167.3052347,-0.00468791258749763,-0.004623927877263095
50,4,2.5,random,HT2,0.9760515,123.47504794000001,0.97752525,123.76273083,-0.0015087713135092714,-0.002327176868083265
50,4,2.5,scurve,HM,1.46311307,10.88320764,1.00275209,11.21367504,0.3778180955152448,-0.02991300138856842
50,4,2.5,scurve,HT1,1.3010027,11.59416837,1.5307962599999998,11.85289347,-0.16265275654456746,-0.022069767480164818
50,4,2.5,scurve,HT2,1.2183245200000001,11.583964909999999,1.2847329099999998,11.694721999999999,-0.05307427402151671,-0.0095158224507753
50,4,2.5,sharp,HM,0.7497892500000001,2.7332156199999997,0.5887552500000001,0.7117354,0.2417816045541367,1.3455278646759723
50,4,2.5,sharp,HT1,0.9022575,1.44357487,1.1224905,2.9551689499999996,-0.21840520028862317,-0.7164332377387924
50,4,2.5,sharp,HT2,0.8099437500000001,1.51546741,0.8536499999999999,1.87985598,-0.05255647290657943,-0.2154712546939392
50,4,2.5,zigzag,HM,1.21154779,23.7126838,0.95258332,26.023077819999997,0.2404764082043873,-0.09297366637439966
50,4,2.5,zigzag,HT1,1.47682522,27.36934559,1.74222856,28.99559526,-0.16527041324910666,-0.05772031785264113
50,4,2.5,zigzag,HT2,1.31544617,27.46134215,1.42292192,27.756164480000002,-0.07853654675071377,-0.010678683252558994
50,8,1.5,random,HM,0.92518243,58.03236192,0.92047253,59.01377331,0.005103781937497387,-0.016770043513422046
50,8,1.5,random,HT1,1.54563006,97.70297398000001,1.55626352,98.67637443,-0.006856135698589146,-0.009913551805696254
50,8,1.5,random,HT2,1.3006541200000001,82.83674692000001,1.3055851200000002,83.00646436999999,-0.0037840009528641054,-0.002046722418438446
50,8,1.5,scurve,HM,1.41937141,9.1870189,1.78824833,9.75834742,-0.23102244953978845,-0.060331565825118776
50,8,1.5,scurve,HT1,1.60581306,9.77333619,1.7679974100000002,9.99761273,-0.09621729152906787,-0.022688456851970316
50,8,1.5,scurve,HT2,1.71326988,9.91526848,1.7773179200000002,10.04364275,-0.03670168634901172,-0.01286403239460859
50,8,1.5,sharp,HM,1.07106479,1.5249763100000002,0.9677619799999999,1.26600705,0.10142239487131233,0.18611098308562687
50,8,1.5,sharp,HT1,0.8995681000000001,1.22518249,1.24089912,1.8762747,-0.32167673336572045,-0.4261984641057243
50,8,1.5,sharp,HT2,1.04821916,1.45340296,1.13260008,1.6353578899999999,-0.077423259158236,-0.1179539975598575
50,8,1.5,zigzag,HM,1.607374,11.52163611,2.1085019700000003,12.91232035,-0.27137593704162033,-0.11395525285297951
50,8,1.5,zigzag,HT1,1.57914733,13.122029540000002,1.96113732,14.202032200000001,-0.21663953344914885,-0.07909260494225508
50,8,1.5,zigzag,HT2,1.95335111,13.4256558,2.05024671,13.78943759,-0.04841371668874584,-0.02673541870828868
50,8,2.0,random,HM,0.6129162,37.59808648,0.6011424000000001,38.54248338,0.019396376954766276,-0.024807939728494887
50,8,2.0,random,HT1,1.3541796,85.89191433,1.3682375999999998,86.79760198,-0.010327678618160013,-0.01048929863711809
50,8,2.0,random,HT2,1.0287669,65.97543732999999,1.0320141,66.17427167,-0.0031514291790007438,-0.0030092308420422093
50,8,2.0,scurve,HM,0.8381267200000001,8.94216545,0.9132341599999999,9.1453907,-0.08582301464304912,-0.022472223516830328
50,8,2.0,scurve,HT1,1.0562799699999998,9.40348801,1.25667767,9.64252545,-0.17371819547043607,-0.025102365111752612
50,8,2.0,scurve,HT2,0.9397008499999999,9.34908913,1.03147701,9.48802251,-0.09318546440011459,-0.01475129541934924
50,8,2.0,sharp,HM,0.6619197,1.17172392,0.567024,0.722897,0.15474261861174887,0.4829646292016154
50,8,2.0,sharp,HT1,0.7046418,0.9793441300000001,1.018296,1.63840673,-0.36819633246750766,-0.5145964499913572
50,8,2.0,sharp,HT2,0.7306191,1.06356563,0.8017935,1.25383733,-0.09295883650004408,-0.1645816478185028
50,8,2.0,zigzag,HM,0.93036162,11.052081000000001,1.0564663,12.21286402,-0.1271115894928931,-0.0998710880649253
50,8,2.0,zigzag,HT1,1.0930436000000001,12.74630206,1.4515935,13.654194910000001,-0.28369581991993387,-0.06880559880546144
50,8,2.0,zigzag,HT2,1.16972769,12.80657386,1.26495179,13.08586475,-0.07826303265038816,-0.021573999021554213
50,8,2.5,random,HM,0.3996486,23.37206745,0.38044897,24.200310920000003,0.049233605702122055,-0.03482387039408058
50,8,2.5,random,HT1,1.19512612,75.94542868,1.20985009,76.81449087,-0.012244739807848308,-0.011378266873031362
50,8,2.5,random,HT2,0.8228734400000001,52.75473541,0.8265184000000001,52.962123,-0.004419769572154233,-0.003923458550596682
50,8,2.5,scurve,HM,0.74087812,8.82844382,0.60593194,8.93954954,0.20106846180482327,-0.012506439632781825
50,8,2.5,scurve,HT1,0.9100936799999999,9.328397639999999,1.05017032,9.49059632,-0.1431601002534742,-0.01723818997337323
50,8,2.5,scurve,HT2,0.70404198,9.17529118,0.73897142,9.26591221,-0.04842126125469928,-0.009828182850121471
50,8,2.5,sharp,HM,0.6422636,1.92758736,0.33821566,0.46750993,0.6413150719658476,1.416603838222755
50,8,2.5,sharp,HT1,0.57714433,0.7780231999999999,0.8819112,1.48393014,-0.42399899678925945,-0.6456930033623464
50,8,2.5,sharp,HT2,0.5507638,0.85696522,0.61543325,1.05233858,-0.11102044921828592,-0.20537285127973626
50,8,2.5,zigzag,HM,0.69490733,10.729764419999999,0.60747707,11.85094328,0.13446406889859566,-0.09938586496488148
50,8,2.5,zigzag,HT1,0.87307,12.5350072,1.19118112,13.35044398,-0.3106848957795733,-0.06302433522030303
50,8,2.5,zigzag,HT2,0.82112125,12.55105674,0.90579341,12.80222691,-0.09814047146188115,-0.019814268713609643
50,12,1.5,random,HM,0.76119545,31.69692578,0.7591571500000001,32.66229673,0.0026813532876817734,-0.03000170985093584
50,12,1.5,random,HT1,1.43852275,60.660399930000004,1.4551393,61.63706126,-0.011484915902834954,-0.015972238239602043
50,12,1.5,random,HT2,1.1410445,48.67672909,1.14669625,48.91915804,-0.00494091080715431,-0.004968025923024857
50,12,1.5,scurve,HM,1.10683859,7.44178286,1.25320273,7.84065617,-0.1241946239127733,-0.05221207415479789
50,12,1.5,scurve,HT1,1.19327692,7.89742098,1.25815433,8.0560603,-0.05294259272509543,-0.01988839254647796
50,12,1.5,scurve,HT2,1.23655518,8.001406789999999,1.28399825,8.10424497,-0.03764940939449434,-0.012770619801589961
50,12,1.5,sharp,HM,0.79400495,1.1765533000000001,0.6741585499999999,1.04070868,0.16362437484757517,0.12268732785957866
50,12,1.5,sharp,HT1,0.6608249,0.89829513,1.0061789,1.27992759,-0.420426264756361,-0.3540601181319786
50,12,1.5,sharp,HT2,0.7666290499999999,1.07036614,0.8548072999999999,1.1783827,-0.1088730165898829,-0.09614212827811953
50,12,1.5,zigzag,HM,1.09513309,7.97407904,1.41897354,8.896513220000001,-0.259057851807927,-0.10946326581654618
50,12,1.5,zigzag,HT1,1.07015463,9.045965260000001,1.42941061,9.82902863,-0.2894590464196688,-0.08302128171244222
50,12,1.5,zigzag,HT2,1.3685896199999998,9.29398797,1.4639759900000002,9.577724940000001,-0.06737528001672165,-0.03007234733439907
50,12,2.0,random,HM,0.496657,20.49185403,0.48876820000000004,21.44279089,0.016011298536812144,-0.04536105705518802
50,12,2.0,random,HT1,1.272759,54.5628483,1.2949647999999998,55.46754012,-0.01729652823729169,-0.016444769866178433
50,12,2.0,random,HT2,0.9334203999999999,40.40779641,0.9388761999999999,40.61680214,-0.005827939272145485,-0.005159080015617221
50,12,2.0,scurve,HM,0.5870223,7.1870737899999995,0.60738735,7.34016051,-0.034103917036242735,-0.021076604652119982
50,12,2.0,scurve,HT1,0.74085928,7.587660509999999,0.8704017199999999,7.76880713,-0.16114415047398226,-0.023593319378904392
50,12,2.0,scurve,HT2,0.65496245,7.53018074,0.72267715,7.64764429,-0.0983846744961236,-0.015478620288936953
50,12,2.0,sharp,HM,0.5074912,0.8544493,0.396668,0.5778368,0.2463797120877729,0.39116569199003076
50,12,2.0,sharp,HT1,0.5370156,0.70698198,0.8671169999999999,1.11027565,-0.479146771406509,-0.4513584192157152
50,12,2.0,sharp,HT2,0.563776,0.76083525,0.6397434,0.87276572,-0.12641014896945732,-0.13725031488844724
50,12,2.0,zigzag,HM,0.62996106,7.62405834,0.7120447299999999,8.41649044,-0.12248272452091791,-0.09888411053855256
50,12,2.0,zigzag,HT1,0.74243045,8.79294077,1.0565278,9.4458221,-0.3528139537526771,-0.07162332359380773
50,12,2.0,zigzag,HT2,0.8342115,8.857733510000001,0.92325449,9.07862723,-0.10141794964491942,-0.024632074680851664
50,12,2.5,random,HM,0.3130675,12.468972260000001,0.29993325,13.28952032,0.04285887234263967,-0.06373243947586381
50,12,2.5,random,HT1,1.1367105,48.712559490000004,1.157326,49.55093137,-0.017973606770755234,-0.017064165257270635
50,12,2.5,random,HT2,0.74125675,32.59297983,0.7465784999999999,32.79960005,-0.007153712341864609,-0.006319399173124639
50,12,2.5,scurve,HM,0.50503712,7.17084339,0.39969453,7.18510706,0.23393135116481262,-0.0019871445980968053
50,12,2.5,scurve,HT1,0.63708429,7.5201806399999995,0.7179262900000001,7.6356321000000005,-0.11946493340208728,-0.01523556607776286
50,12,2.5,scurve,HT2,0.47871711,7.3818899,0.50738194,7.45319299,-0.05815421491537168,-0.009612839995761567
50,12,2.5,sharp,HM,0.50814975,1.46605167,0.2535605,0.37428331,0.6951737342690574,1.3653151033765776
50,12,2.5,sharp,HT1,0.436772,0.56735172,0.7084524999999999,0.9127181799999999,-0.4836716940226194,-0.47544772937561114
50,12,2.5,sharp,HT2,0.42515675,0.56336999,0.50373575,0.69404189,-0.16959390056444335,-0.20859573077784624
50,12,2.5,zigzag,HM,0.47718615,7.376369029999999,0.40944974,8.1660171,0.15309250561450147,-0.10169977075869784
50,12,2.5,zigzag,HT1,0.59810623,8.6535981,0.88953998,9.22285014,-0.39693607238043155,-0.06370891584029373
50,12,2.5,zigzag,HT2,0.5988969199999999,8.64990483,0.6862516,8.84079376,-0.13615482783739932,-0.02182834590258502
100,4,1.5,random,HM,1.28944916,158.53987831,1.2807900799999998,159.52100757,0.006737981916773048,-0.006169462612694017
100,4,1.5,random,HT1,1.7142796100000002,213.55118978,1.71260275,214.81103890999998,0.0009786505386987436,-0.005882184180548576
100,4,1.5,random,HT2,1.53846225,191.97610588,1.5393716100000001,192.22818429,-0.0005909091054450367,-0.0013122104704220673
100,4,1.5,scurve,HM,1.7382043999999999,11.20083924,2.9957834300000004,12.44270217,-0.5443531502880511,-0.10514557232431099
100,4,1.5,scurve,HT1,2.3373988800000003,12.24321271,2.63335951,12.524292370000001,-0.11922168990986794,-0.022698429019210344
100,4,1.5,scurve,HT2,3.12483966,12.76473334,3.17668663,12.87428734,-0.016455740271393765,-0.008545932242961022
100,4,1.5,sharp,HM,1.8276600600000001,2.24305993,1.87929564,1.7723602500000002,-0.02786055412709876,0.2355288409871011
100,4,1.5,sharp,HT1,1.46278542,1.83414396,1.71641077,2.96452065,-0.15989290881947626,-0.48013748405614765
100,4,1.5,sharp,HT2,1.7566050999999998,2.12946723,1.81101497,2.43090506,-0.03050441918575434,-0.13239181901021932
100,4,1.5,zigzag,HM,2.8233007700000003,24.976928429999997,3.70738718,27.95218086,-0.27242067807673576,-0.11254268778040627
100,4,1.5,zigzag,HT1,2.75387716,28.503011360000002,3.10698828,30.60682199,-0.12064406317673118,-0.07121318151320916
100,4,1.5,zigzag,HT2,3.3823316699999997,29.121972890000002,3.55184751,29.522929100000002,-0.0489025786073813,-0.013674247687672579
100,4,2.0,random,HM,0.8737272,108.13282484,0.8648372999999999,108.98969573000001,0.010226802032233862,-0.007893012077311867
100,4,2.0,random,HT1,1.4981262000000002,187.80253069999998,1.5070254,188.85422639,-0.005922646973045897,-0.005584386332270063
100,4,2.0,random,HT2,1.2394794,155.61477781,1.2417776999999999,155.74571027,-0.0018525292339014122,-0.0008410345739447835
100,4,2.0,scurve,HM,1.50752473,10.97221356,1.5240942100000001,11.53610838,-0.010931218811030024,-0.050115938459701935
100,4,2.0,scurve,HT1,1.462677,11.708073449999999,1.88259626,12.05379784,-0.25238349507286445,-0.02910114142575656
100,4,2.0,scurve,HT2,1.73858542,11.892293709999999,1.8740658300000002,12.03202278,-0.07503850569764138,-0.011681057543027748
100,4,2.0,sharp,HM,1.064097,2.15671263,1.0386777,0.96747484,0.024178090300631908,0.8016509914120977
100,4,2.0,sharp,HT1,1.0896552,1.53230295,1.3076763,2.6724415699999997,-0.1823904294204372,-0.5562207004436862
100,4,2.0,sharp,HT2,1.1292195,1.5714064300000001,1.1793984,1.8652266700000002,-0.04347779185033127,-0.17141155094073068
100,4,2.0,zigzag,HM,1.61462013,24.219220489999998,1.7973876100000001,26.59805889,-0.10723456754280272,-0.093691686015971
100,4,2.0,zigzag,HT1,1.8270140499999998,27.624164139999998,2.18723536,29.3995311,-0.1799553860766371,-0.0622878232332702
100,4,2.0,zigzag,HT2,1.9339148700000002,27.831241839999997,2.06462813,28.15076632,-0.06540374938961639,-0.011415380058279884
100,4,2.5,random,HM,0.54909949,65.56262172,0.52843741,66.33685837,0.03835527671236517,-0.011739933196830787
100,4,2.5,random,HT1,1.329849,167.41936938999999,1.3391073800000002,168.42164314000001,-0.006937855714789624,-0.005968757168975242
100,4,2.5,random,HT2,0.9687667799999999,122.38417135,0.97040327,122.58169536999999,-0.0016878255607306973,-0.001612666004884793
100,4,2.5,scurve,HM,1.45578915,10.92677467,0.97462992,11.21650525,0.40124557399710703,-0.026170207552116503
100,4,2.5,scurve,HT1,1.28211702,11.59170574,1.55324218,11.85196075,-0.1918318417601807,-0.022203498080400147
100,4,2.5,scurve,HT2,1.21935579,11.57956768,1.31246018,11.68855311,-0.07358069767696288,-0.009367858109373156
100,4,2.5,sharp,HM,0.71458778,2.64101436,0.5464329099999999,0.5541598400000001,0.26829430792422077,1.5614651846276628
100,4,2.5,sharp,HT1,0.86417557,1.25986432,1.06613483,2.45432629,-0.21001912472492626,-0.6668482673346529
100,4,2.5,sharp,HT2,0.74716094,1.27478388,0.79321876,1.5970507699999998,-0.059818437012107345,-0.22538200122512436
100,4,2.5,zigzag,HM,1.19215246,23.84006765,0.91445138,25.956362979999998,0.26519144137772893,-0.08504910123543054
100,4,2.5,zigzag,HT1,1.46567699,27.223694530000003,1.75369329,28.79327822,-0.17940677054528062,-0.05605424824063814
100,4,2.5,zigzag,HT2,1.27490181,27.26987954,1.38662831,27.523277349999997,-0.08400596028467049,-0.009249316188084694
100,8,1.5,random,HM,0.91218204,56.44173771,0.90722649,57.350854829999996,0.005447443136375845,-0.015978833821141358
100,8,1.5,random,HT1,1.53802271,96.42349175999999,1.54737669,97.41643386,-0.006063402137252315,-0.0102450594927268
100,8,1.5,random,HT2,1.26460917,79.79694249,1.26823205,80.03725102,-0.0028607260827265947,-0.0030069749881821094
100,8,1.5,scurve,HM,1.42481286,9.192093589999999,1.77195513,9.741760339999999,-0.21804305141109265,-0.05807811220939704
100,8,1.5,scurve,HT1,1.6031948,9.75462617,1.76257588,9.97549826,-0.09477791886965033,-0.022390260951056562
100,8,1.5,scurve,HT2,1.6870588,9.885133,1.76392514,10.013403779999999,-0.044554861314171954,-0.012892662227907492
100,8,1.5,sharp,HM,1.1260746799999999,1.67802458,0.9659583700000001,1.2490625,0.15337239172275455,0.2952239864051638
100,8,1.5,sharp,HT1,0.80618656,1.07959729,1.08027445,1.52815047,-0.2926552284627076,-0.3474700690572582
100,8,1.5,sharp,HT2,0.9506525600000001,1.2802726999999998,1.01942557,1.39541732,-0.0698459269274355,-0.08612042254225749
100,8,1.5,zigzag,HM,1.59485196,11.53288589,2.09055538,12.851548009999998,-0.2706488458514234,-0.10826167481160004
100,8,1.5,zigzag,HT1,1.54872778,13.05003913,1.89158714,14.104722670000001,-0.19998242648277514,-0.07771855020697459
100,8,1.5,zigzag,HT2,1.91893249,13.35506545,2.00469437,13.71001855,-0.04372257859848675,-0.026231099264157454
100,8,2.0,random,HM,0.59029215,36.03090144,0.57646395,36.855368750000004,0.023704778605310475,-0.022624356420134474
100,8,2.0,random,HT1,1.3450191,85.15784778999999,1.3592939999999998,86.016803,-0.010557233616219304,-0.010036093729398256
100,8,2.0,random,HT2,1.0063245,63.81034549,1.0091074500000001,64.00802147,-0.002761643000370594,-0.0030930787538735074
100,8,2.0,scurve,HM,0.82526528,8.90569801,0.88174652,9.1108749,-0.06619973624823985,-0.022777446258545376
100,8,2.0,scurve,HT1,1.03433241,9.381977299999999,1.2543523,9.626413079999999,-0.1928631396297988,-0.025720142527707438
100,8,2.0,scurve,HT2,0.91364385,9.32081409,1.01818736,9.459107229999999,-0.10833839264201477,-0.01472803186498558
100,8,2.0,sharp,HM,0.6628395,1.12851337,0.55701,0.70207938,0.17394968634396563,0.4746099692165238
100,8,2.0,sharp,HT1,0.6246222,0.85406086,0.88029945,1.31390211,-0.3431151467149527,-0.4307542426661994
100,8,2.0,sharp,HT2,0.6499541999999999,0.90099942,0.7127143499999999,1.02969886,-0.09217881013546617,-0.13351705566457325
100,8,2.0,zigzag,HM,0.91736772,11.002668960000001,1.03722705,12.153362139999999,-0.12279773800707044,-0.09946797475330219
100,8,2.0,zigzag,HT1,1.0531450100000002,12.64183334,1.38365913,13.50714872,-0.27295059853613546,-0.06620765918256225
100,8,2.0,zigzag,HT2,1.13314252,12.716118550000001,1.21291301,12.976230800000002,-0.0680301485602901,-0.02024891799260183
100,8,2.5,random,HM,0.36425239,20.711462230000002,0.34194761999999995,21.41927158,0.06318943904337893,-0.03360377996861537
100,8,2.5,random,HT1,1.17740194,74.83937789,1.19156404,75.66876722,-0.01195649818059202,-0.011021300206779518
100,8,2.5,random,HT2,0.7948751799999999,50.940198099999996,0.79755469,51.13667793,-0.0033653130719801527,-0.0038496490153455284
100,8,2.5,scurve,HM,0.7319428499999999,8.84586296,0.56656354,8.89590299,0.25611320056386894,-0.005640944969234499
100,8,2.5,scurve,HT1,0.8899705400000001,9.29926608,1.02761297,9.44638228,-0.14380552574400302,-0.015696359779127565
100,8,2.5,scurve,HT2,0.63923292,9.11520528,0.6898306399999999,9.2037856,-0.07617722318510387,-0.009670948685836246
100,8,2.5,sharp,HM,0.64911592,1.88876237,0.31147601999999996,0.38678693000000003,0.734288961085082,1.5858030899347455
100,8,2.5,sharp,HT1,0.51273575,0.6858107800000001,0.76268861,1.19195508,-0.39708923002582636,-0.552748403577701
100,8,2.5,sharp,HT2,0.46790487,0.675104,0.52741909,0.8160560499999999,-0.11973046367456691,-0.1896162882522218
100,8,2.5,zigzag,HM,0.67938762,10.768814769999999,0.55948089,11.86615248,0.1941824619272189,-0.09703558201234261
100,8,2.5,zigzag,HT1,0.84005935,12.45025421,1.13496234,13.167815749999999,-0.30088220464494014,-0.05603461040671438
100,8,2.5,zigzag,HT2,0.77638652,12.44036382,0.8461464700000001,12.65167569,-0.08604198804855835,-0.01684333914929742
100,12,1.5,random,HM,0.73442457,30.63133815,0.72870764,31.422114689999997,0.007814685583405534,-0.025488327057572202
100,12,1.5,random,HT1,1.4165481199999999,60.01536416,1.43287306,60.873215710000004,-0.011458550763958898,-0.014192671479222508
100,12,1.5,random,HT2,1.11393003,47.73501638,1.11858659,47.991289349999995,-0.004171585296269261,-0.005354297970496949
100,12,1.5,scurve,HM,1.10720526,7.4424031500000005,1.2535455500000001,7.832345749999999,-0.12413691961635795,-0.05106824934317789
100,12,1.5,scurve,HT1,1.20532993,7.89759274,1.25294766,8.03534232,-0.03874557299777502,-0.01729160530939051
100,12,1.5,scurve,HT2,1.22895341,7.97969056,1.2768655,8.08052337,-0.03824532552657488,-0.012557010182625542
100,12,1.5,sharp,HM,0.8422758399999999,1.3087619000000001,0.6536874500000001,1.00798386,0.2534782295176349,0.2611294181907031
100,12,1.5,sharp,HT1,0.5741449,0.82296762,0.8379974400000001,1.07338679,-0.3781332420982283,-0.2656572969388078
100,12,1.5,sharp,HT2,0.67787789,0.98754374,0.7476339799999999,1.05818536,-0.09794635818690056,-0.06909000609526729
100,12,1.5,zigzag,HM,1.09505621,7.97147698,1.42283637,8.88210195,-0.2618466277527439,-0.10816844200132583
100,12,1.5,zigzag,HT1,1.04954531,9.00503177,1.36470677,9.75951351,-0.26258255276074993,-0.08045904723412454
100,12,1.5,zigzag,HT2,1.34329253,9.24057489,1.4221482399999998,9.51014056,-0.057044861346994505,-0.02875455542877792
100,12,2.0,random,HM,0.46088439999999997,18.38221081,0.4463604,19.09007081,0.032020554877463976,-0.03778495384829842
100,12,2.0,random,HT1,1.2251082,51.90979252,1.2436662,52.69599427,-0.015034463709574947,-0.015031989688072149
100,12,2.0,random,HT2,0.8735883,37.35131212,0.8788182999999999,37.53082042,-0.005968952100534576,-0.004794431936370537
100,12,2.0,scurve,HM,0.58396792,7.17036135,0.5981674499999999,7.33046224,-0.02402468166308708,-0.02208252447065781
100,12,2.0,scurve,HT1,0.71984618,7.561907489999999,0.8544058200000001,7.73827946,-0.17136872968330918,-0.02305589904363613
100,12,2.0,scurve,HT2,0.63633966,7.509115980000001,0.70759333,7.614761519999999,-0.10613705862527367,-0.013970922255595665
100,12,2.0,sharp,HM,0.5051633,0.7953259500000001,0.3790472,0.56005112,0.2872210077536116,0.35072396535010514
100,12,2.0,sharp,HT1,0.4502378,0.62477859,0.7032408,0.89659081,-0.4459234775344451,-0.36120225086318636
100,12,2.0,sharp,HT2,0.48061929999999997,0.6731025900000001,0.5401451,0.74605019,-0.1167623265359334,-0.10289512188368025
100,12,2.0,zigzag,HM,0.62378882,7.59696878,0.70297671,8.37445013,-0.11951188021457253,-0.0974360964405438
100,12,2.0,zigzag,HT1,0.7181234999999999,8.72738503,1.0025496699999998,9.342574879999999,-0.33366014426002566,-0.06811611072315751
100,12,2.0,zigzag,HT2,0.7976580099999999,8.77958196,0.87415778,8.99088185,-0.09158093898345433,-0.023782142240358912
100,12,2.5,random,HM,0.27993693000000003,10.14832944,0.25912025,10.78367419,0.07727208813009791,-0.06072423661219699
100,12,2.5,random,HT1,1.08648425,46.14325738,1.1057306,46.969164760000005,-0.017559268438518523,-0.01774046946679334
100,12,2.5,random,HT2,0.6886661100000001,29.500516779999998,0.69249158,29.68671998,-0.005539526456927461,-0.006292025933350221
100,12,2.5,scurve,HM,0.50239347,7.1480405199999995,0.38170145,7.178336000000001,0.2747448589192206,-0.0042293353265331094
100,12,2.5,scurve,HT1,0.6187021500000001,7.49984375,0.69764503,7.60715155,-0.12008644283764631,-0.014206611264658438
100,12,2.5,scurve,HT2,0.43842927000000004,7.343369760000001,0.47913037,7.415271000000001,-0.08877423265299808,-0.009743689818586691
100,12,2.5,sharp,HM,0.5039217500000001,1.4248442599999998,0.22596381999999998,0.30953566,0.8020461001199201,1.5267444919207036
100,12,2.5,sharp,HT1,0.3713467,0.49306910000000004,0.63117366,0.8128605299999999,-0.5304449110423193,-0.4999102185232777
100,12,2.5,sharp,HT2,0.35894156000000005,0.48586598000000003,0.41717520999999996,0.57171259,-0.15034671169675032,-0.16270357551249728
100,12,2.5,zigzag,HM,0.46251278,7.3866711,0.38594661,8.16331293,0.18097514516703767,-0.09997290951403938
100,12,2.5,zigzag,HT1,0.57095603,8.59460726,0.82996221,9.11036797,-0.3740679681966214,-0.058278158550529965
100,12,2.5,zigzag,HT2,0.55766855,8.58037913,0.62618628,8.750023109999999,-0.11588310923957244,-0.01957824133957884
500,4,1.5,random,HM,1.2680430599999999,156.12284338999999,1.26075231,157.0613701,0.005766200213245196,-0.0059934663308292835
500,4,1.5,random,HT1,1.70575061,212.86400977000002,1.7050101,214.08663433,0.0004342198556843572,-0.005727256388453125
500,4,1.5,random,HT2,1.52812013,190.88458908,1.52940328,191.13965811000003,-0.0008393394936135412,-0.0013353553853132905
500,4,1.5,scurve,HM,1.7507363599999999,11.18076457,2.99375757,12.43177712,-0.5364928341987407,-0.10606101284926035
500,4,1.5,scurve,HT1,2.33309197,12.22705019,2.63224474,12.50751464,-0.12064258185410057,-0.02267890887368901
500,4,1.5,scurve,HT2,3.1334805799999996,12.757236559999999,3.17933237,12.85501302,-0.014526835088640543,-0.007635169623868319
500,4,1.5,sharp,HM,1.8037367699999998,2.11682885,1.86408354,1.7475383899999999,-0.032909036495977935,0.1917109799374255
500,4,1.5,sharp,HT1,1.39594291,1.4188060100000002,1.6356418400000001,2.06212089,-0.15846518191930675,-0.3739193315398919
500,4,1.5,sharp,HT2,1.6918267800000002,1.72246341,1.74435277,1.8392444000000001,-0.030574701351088848,-0.0655993538064939
500,4,1.5,zigzag,HM,2.84239693,24.98495332,3.7251977099999998,27.93800458,-0.27047224128216235,-0.11171415676634161
500,4,1.5,zigzag,HT1,2.76564307,28.437640580000004,3.10955021,30.51537312,-0.11720490574387919,-0.07051695317935926
500,4,1.5,zigzag,HT2,3.3809418699999996,29.05722433,3.55358019,29.46642761,-0.04980126907412158,-0.013984429720585952
500,4,2.0,random,HM,0.8615925,105.5478319,0.85161564,106.37255292,0.011647122788455177,-0.007783349244094842
500,4,2.0,random,HT1,1.4982877199999998,187.69953873999998,1.5078576000000001,188.77190029000002,-0.006366899340817913,-0.005696923267522296
500,4,2.0,random,HT2,1.23757362,155.13951985,1.2396864,155.32456475,-0.0017057398054400475,-0.0011920536454365993
500,4,2.0,scurve,HM,1.51419814,10.891356530000001,1.50708693,11.49179465,0.004707416193528201,-0.05366377624313975
500,4,2.0,scurve,HT1,1.43624897,11.687082069999999,1.8957895999999999,12.0400441,-0.27760059417578997,-0.029753967405794994
500,4,2.0,scurve,HT2,1.7549380700000001,11.88330778,1.9024133900000002,12.02673753,-0.08068971686140866,-0.011997590853737626
500,4,2.0,sharp,HM,1.0727512799999999,2.21682245,1.017378,0.91981482,0.05299790865791907,0.8796577535335547
500,4,2.0,sharp,HT1,1.01470182,1.0716694900000001,1.20155682,1.63302724,-0.169023270027722,-0.42121779126083575
500,4,2.0,sharp,HT2,1.05418734,1.1191338899999999,1.0933944599999998,1.23540167,-0.036516864441275894,-0.09884108242099005
500,4,2.0,zigzag,HM,1.6098142999999998,24.183922029999998,1.7828487100000001,26.483490630000002,-0.10209365317772427,-0.09083351031621442
500,4,2.0,zigzag,HT1,1.8215563000000001,27.49277569,2.1866980799999998,29.22520419,-0.1827014344577178,-0.061108226181626875
500,4,2.0,zigzag,HT2,1.92296034,27.686791969999998,2.05851258,27.982043509999997,-0.06811783108619819,-0.01060752594928918
500,4,2.5,random,HM,0.51906699,62.29932902,0.49933261,63.00861797,0.03876052317104255,-0.011320854619855967
500,4,2.5,random,HT1,1.32570691,168.39946409,1.33394038,169.34524192,-0.0061914196912794895,-0.005600563297064337
500,4,2.5,random,HT2,0.96554395,122.59400043,0.9667801199999999,122.79487568,-0.0012794646486363683,-0.001637199681204555
500,4,2.5,scurve,HM,1.45196494,10.913617899999998,0.89553892,11.139076030000002,0.48324736677817004,-0.02044793133520846
500,4,2.5,scurve,HT1,1.26010653,11.58710063,1.52205894,11.81309497,-0.18886771904256747,-0.019316194672028813
500,4,2.5,scurve,HT2,1.17733298,11.54007988,1.2720390799999999,11.63490086,-0.07736949375611195,-0.008183092809271127
500,4,2.5,sharp,HM,0.6996849,2.4739921899999997,0.53137937,0.47341681999999996,0.2751538802491075,1.6536121694606938
500,4,2.5,sharp,HT1,0.798374,0.89130574,0.96049692,1.41243041,-0.18487361620353537,-0.4603796834029383
500,4,2.5,sharp,HT2,0.6820511100000001,0.7855708,0.71718941,0.9204317399999999,-0.05023537948177318,-0.15843225526643515
500,4,2.5,zigzag,HM,1.17732569,24.006681720000003,0.8892974800000001,25.930409880000003,0.2805689782500263,-0.0770842099983343
500,4,2.5,zigzag,HT1,1.44128253,27.01248246,1.7489684600000002,28.51864045,-0.19349279968047214,-0.054258851849961695
500,4,2.5,zigzag,HT2,1.25282501,27.07832559,1.3678886600000002,27.32147687,-0.08786741766182894,-0.00893947728754109
500,8,1.5,random,HM,0.89299043,55.25754406,0.88637733,56.02118756,0.007433123828791283,-0.01372509331585374
500,8,1.5,random,HT1,1.52453636,95.90768645,1.53456896,96.87047145000001,-0.00655919618315018,-0.00998861090299922
500,8,1.5,random,HT2,1.24884665,78.85905288,1.25232986,79.09112179,-0.0027852590473901396,-0.0029385099126946305
500,8,1.5,scurve,HM,1.4192822200000001,9.17976088,1.77353032,9.72461577,-0.22282082628056674,-0.05765922284955789
500,8,1.5,scurve,HT1,1.6044163800000002,9.74728474,1.74724367,9.95764774,-0.08527943624692506,-0.021352115001502137
500,8,1.5,scurve,HT2,1.6575301500000001,9.86083234,1.7402579599999999,9.990624709999999,-0.04870472215393696,-0.01307654336562557
500,8,1.5,sharp,HM,1.17109796,1.7866092599999999,0.95674345,1.26125729,0.20216173690573228,0.3482104826522311
500,8,1.5,sharp,HT1,0.71449089,0.95708767,0.90880164,1.14931242,-0.24055660542903307,-0.18302415044174894
500,8,1.5,sharp,HT2,0.87000573,1.16908455,0.91129086,1.20623678,-0.04636232398994317,-0.03128440737601206
500,8,1.5,zigzag,HM,1.6052517800000001,11.63414794,2.11973271,12.84286639,-0.27800938399351266,-0.09884395085980574
500,8,1.5,zigzag,HT1,1.52443731,12.98319553,1.83650968,14.00456148,-0.18624149223800548,-0.07572722681905711
500,8,1.5,zigzag,HT2,1.8986938,13.297143530000001,1.9659572,13.63462501,-0.03481307532665605,-0.025063273922086647
500,8,2.0,random,HM,0.56865483,34.25774,0.55302885,34.94821824,0.027863454252043632,-0.019954962543931556
500,8,2.0,random,HT1,1.3249844400000002,83.30425715,1.3387194299999998,84.19184256,-0.010312791812206243,-0.010598380735316769
500,8,2.0,random,HT2,0.9792763800000001,61.75516373000001,0.9822319500000001,61.973732819999995,-0.003013570925571762,-0.0035330359107525367
500,8,2.0,scurve,HM,0.82906283,8.90067762,0.86607144,9.09384897,-0.043671457014367164,-0.02147083669304683
500,8,2.0,scurve,HT1,1.00932318,9.35392849,1.21896927,9.58356968,-0.18872565358220095,-0.024253726115353234
500,8,2.0,scurve,HT2,0.86537215,9.27677066,0.97985214,9.4160822,-0.12424203710759449,-0.01490560272978033
500,8,2.0,sharp,HM,0.66524367,1.09550441,0.5383830900000001,0.67873615,0.2115830246305916,0.4787377187031048
500,8,2.0,sharp,HT1,0.52153113,0.70366538,0.6850397100000001,0.8972968400000001,-0.2727078415329304,-0.24308380196042267
500,8,2.0,sharp,HT2,0.55041231,0.74232845,0.58737345,0.78699825,-0.06499316663881187,-0.058434224569790506
500,8,2.0,zigzag,HM,0.91262381,10.97121948,1.03601776,12.12522692,-0.12681580708520276,-0.10001271859575803
500,8,2.0,zigzag,HT1,1.0189478,12.572414449999998,1.30337789,13.38044205,-0.2461887452099601,-0.062289007763800544
500,8,2.0,zigzag,HT2,1.09410152,12.629033790000001,1.15436652,12.87775608,-0.05361822920859202,-0.01950305585890431
500,8,2.5,random,HM,0.33252946,18.91936887,0.30653642000000003,19.48815544,0.08139188390909163,-0.02962066244121553
500,8,2.5,random,HT1,1.1570917299999999,73.77937526,1.1702357399999999,74.59658039,-0.011295487997013368,-0.011015442356642266
500,8,2.5,random,HT2,0.75689668,48.49497773,0.7596017,48.66664855,-0.003567458962726036,-0.0035337201570830017
500,8,2.5,scurve,HM,0.72264712,8.81488559,0.5285548800000001,8.87995007,0.31277438457635903,-0.007354097487963764
500,8,2.5,scurve,HT1,0.86883909,9.28325926,0.98397418,9.40680846,-0.12444171560914967,-0.01322103285033994
500,8,2.5,scurve,HT2,0.58267021,9.073045070000001,0.65418171,9.16241443,-0.11576380813781144,-0.009801790353897402
500,8,2.5,sharp,HM,0.66348001,1.89852367,0.29151874,0.34520471,0.8223944333210691,1.7046942439514376
500,8,2.5,sharp,HT1,0.40993035,0.5541886,0.56042023,0.7511112799999999,-0.3126996458074746,-0.3040487545267939
500,8,2.5,sharp,HT2,0.3623278,0.49105087,0.39688543000000004,0.54169207,-0.091098322669249,-0.09814997614167957
500,8,2.5,zigzag,HM,0.66544031,10.83961664,0.55066198,11.83595786,0.18932778737095832,-0.08793454413471194
500,8,2.5,zigzag,HT1,0.80163997,12.38361547,1.07030089,13.06571262,-0.2890355016705977,-0.053617175870963964
500,8,2.5,zigzag,HT2,0.73914608,12.342544169999998,0.7931266100000001,12.54574113,-0.0704872944674223,-0.016329085957582725
500,12,1.5,random,HM,0.7050275899999999,29.17879644,0.69687727,29.81309646,0.011627624756015878,-0.02150547930739395
500,12,1.5,random,HT1,1.38777747,58.93995744,1.40398498,59.776193469999996,-0.011611082516876852,-0.014088223965357046
500,12,1.5,random,HT2,1.07974218,46.12812578,1.08416414,46.336987799999996,-0.004087021803488626,-0.0045176470808875125
500,12,1.5,scurve,HM,1.10779367,7.4298375199999995,1.2491599599999998,7.82515236,-0.12010094082674638,-0.0518392167749091
500,12,1.5,scurve,HT1,1.20058482,7.88381621,1.24455587,8.018429099999999,-0.035969947271851106,-0.016930452626806675
500,12,1.5,scurve,HT2,1.20067689,7.947405079999999,1.25852267,8.05484052,-0.047053076175684445,-0.013427747197178699
500,12,1.5,sharp,HM,0.9257344399999999,1.4724375699999999,0.6418967600000001,1.02017132,0.3661599308691427,0.3669486643846228
500,12,1.5,sharp,HT1,0.47250817,0.7449139300000001,0.64040937,0.87314655,-0.30405257470624464,-0.1588347296628265
500,12,1.5,sharp,HT2,0.5831347800000001,0.92572854,0.62419775,0.95590042,-0.06804888205113156,-0.03207270612551916
500,12,1.5,zigzag,HM,1.09537273,8.01428772,1.42315168,8.85908177,-0.2617792070928043,-0.10021720780802963
500,12,1.5,zigzag,HT1,1.02110113,8.95524082,1.2757394100000001,9.67840341,-0.222644355699644,-0.0776580233113564
500,12,1.5,zigzag,HT2,1.3011355599999999,9.174957319999999,1.3554388499999999,9.42802762,-0.04088788556039696,-0.02720917248238554
500,12,2.0,random,HM,0.43598334,17.47744754,0.4195568,17.99019729,0.038405115583332775,-0.028915676724399587
500,12,2.0,random,HT1,1.19738742,50.85588304,1.217233,51.61589805,-0.016438216719009247,-0.014833916973606795
500,12,2.0,random,HT2,0.8357717,35.66965229,0.8403040199999999,35.84908623,-0.005408265262947257,-0.005017826662049151
500,12,2.0,scurve,HM,0.5822191800000001,7.21440007,0.59208268,7.32548476,-0.01679931251993847,-0.015280293165499411
500,12,2.0,scurve,HT1,0.7030390400000001,7.53985322,0.83465983,7.71009512,-0.1716118289268589,-0.02232780973663717
500,12,2.0,scurve,HT2,0.6041840700000001,7.46902261,0.68313317,7.578387749999999,-0.12281091544001943,-0.014536330592339802
500,12,2.0,sharp,HM,0.50525696,0.7118512699999999,0.36649576000000006,0.54664601,0.3210801791827503,0.2640675542910511
500,12,2.0,sharp,HT1,0.3464382,0.54047104,0.49663892,0.6652175200000001,-0.36015879519457034,-0.2076730292901098
500,12,2.0,sharp,HT2,0.37346862000000003,0.58003577,0.40907415999999996,0.61016819,-0.09106247492059474,-0.050644866422104175
500,12,2.0,zigzag,HM,0.62384459,7.5696876699999995,0.69431957,8.34659487,-0.107031047161788,-0.09770184800832332
500,12,2.0,zigzag,HT1,0.67997803,8.670660980000001,0.90413624,9.23520667,-0.2849195681767922,-0.06307796690632386
500,12,2.0,zigzag,HT2,0.7488376,8.7051334,0.79935884,8.88894682,-0.06528781875724499,-0.020895676937557655
500,12,2.5,random,HM,0.25310434,9.0454913,0.22847613,9.49482695,0.10237007379408432,-0.048480684041880884
500,12,2.5,random,HT1,1.0354210000000001,43.94003478,1.05425488,44.65259823,-0.018026135220312482,-0.016086638180847823
500,12,2.5,random,HT2,0.64086934,27.248129810000002,0.6447919,27.41417625,-0.006102030689354596,-0.0060753730569208155
500,12,2.5,scurve,HM,0.49805655000000004,7.13588378,0.36313167999999996,7.166407390000001,0.31594810148856384,-0.004268358961422714
500,12,2.5,scurve,HT1,0.60236112,7.48437801,0.66783471,7.5667328199999995,-0.10318357022842728,-0.010943462289954789
500,12,2.5,scurve,HT2,0.40087151,7.30241936,0.4499836,7.372281900000001,-0.11557018563610597,-0.009521565935027596
500,12,2.5,sharp,HM,0.49650891999999996,1.3813340500000002,0.21424426,0.28345608,0.8404846830970222,1.5837478235620237
500,12,2.5,sharp,HT1,0.27733325999999997,0.42512954000000003,0.42033234999999997,0.55532194,-0.41582582015092223,-0.2671540951594018
500,12,2.5,sharp,HT2,0.25254557,0.37737765,0.28711143,0.41130453,-0.12827869056752983,-0.08608747883909733
500,12,2.5,zigzag,HM,0.45475261000000006,7.451655970000001,0.37199559,8.15396487,0.20087155743485594,-0.09006801052908778
500,12,2.5,zigzag,HT1,0.53444666,8.53544047,0.7452726900000001,9.00607804,-0.33251824696857285,-0.05367272476273966
500,12,2.5,zigzag,HT2,0.50725656,8.50995375,0.55372599,8.65399303,-0.0876530504014878,-0.016784328606559405
1000,4,1.5,random,HM,1.27104565,156.3292606,1.26271599,157.23271869,0.006574959440653757,-0.005762564658828476
1000,4,1.5,random,HT1,1.70883386,213.08333943000002,1.70710585,214.34233705,0.0010117333993577807,-0.005891088581688986
1000,4,1.5,random,HT2,1.53370372,191.54527064,1.5343046200000001,191.8185309,-0.0003917199310375397,-0.0014255926364540477
1000,4,1.5,scurve,HM,1.7583227199999998,11.20135863,2.99438893,12.437263989999998,-0.5323798260435207,-0.10466204943223789
1000,4,1.5,scurve,HT1,2.33286423,12.22511475,2.6345407599999997,12.50740158,-0.12161208628463556,-0.022828173650640198
1000,4,1.5,scurve,HT2,3.11631034,12.7464345,3.17079254,12.85033793,-0.01733185057492334,-0.008118523612834154
1000,4,1.5,sharp,HM,1.8081223,2.07335702,1.8713009999999999,1.7652062899999998,-0.0343450074017662,0.16090148071251326
1000,4,1.5,sharp,HT1,1.39679674,1.3817275900000001,1.6335070600000001,1.9223902000000002,-0.1565477018632002,-0.3302347145964076
1000,4,1.5,sharp,HT2,1.6987952999999998,1.68028874,1.74951912,1.7685179299999998,-0.02942160880836316,-0.051176220452491684
1000,4,1.5,zigzag,HM,2.8470491499999997,25.09188932,3.73623726,27.92425403,-0.2717959528408066,-0.10695097200202572
1000,4,1.5,zigzag,HT1,2.77155512,28.41861091,3.1169950799999997,30.4964212,-0.11746084451597728,-0.07056509474857095
1000,4,1.5,zigzag,HT2,3.40082205,29.049370210000003,3.57417656,29.43857955,-0.04971763493820046,-0.013309240170833828
1000,4,2.0,random,HM,0.85808334,105.63429522,0.8485199400000001,106.4405738,0.01120764294521248,-0.007603753037250767
1000,4,2.0,random,HT1,1.5020358600000001,188.20232455000001,1.51183395,189.29041808999997,-0.00650202240745613,-0.005764860780259046
1000,4,2.0,random,HT2,1.23809481,155.27871335,1.24007547,155.47728631,-0.0015984861393315251,-0.0012779993772890237
1000,4,2.0,scurve,HM,1.51897573,10.90865692,1.51499093,11.47946686,0.0026267937244075193,-0.05100326218745992
1000,4,2.0,scurve,HT1,1.43417968,11.68464687,1.8975807,12.039083900000001,-0.2799867248389703,-0.0298826022076946
1000,4,2.0,scurve,HT2,1.75950287,11.884370200000001,1.90745644,12.028580280000002,-0.08073933881934019,-0.012061399816939074
1000,4,2.0,sharp,HM,1.07269143,2.1144146,1.03028751,0.93208475,0.04033294619047584,0.8191095242706121
1000,4,2.0,sharp,HT1,1.00824297,1.02409628,1.18763694,1.45720707,-0.16375638590283037,-0.35271109227613096
1000,4,2.0,sharp,HT2,1.04895243,1.06582277,1.08654072,1.1538621999999998,-0.03520701771739663,-0.07936769532487056
1000,4,2.0,zigzag,HM,1.60541758,24.09888618,1.7753299999999999,26.50290163,-0.10060242394288967,-0.09508859963860385
1000,4,2.0,zigzag,HT1,1.82221754,27.4797199,2.18513923,29.200302339999997,-0.18162535936282953,-0.06073078889556066
1000,4,2.0,zigzag,HT2,1.92095646,27.665984440000003,2.05680658,27.96864189,-0.06833135785766972,-0.01088029005290885
1000,4,2.5,random,HM,0.5169275799999999,61.289824630000005,0.49689202,62.03746681,0.0395300484172501,-0.01212466973593619
1000,4,2.5,random,HT1,1.3232633999999999,165.46395574,1.33160911,166.46798449000002,-0.006287109802177799,-0.006049624579178775
1000,4,2.5,random,HT2,0.96558266,120.97290094,0.9671827399999999,121.19013288000001,-0.001655741939036191,-0.001794097099312285
1000,4,2.5,scurve,HM,1.4522887,10.94655481,0.8890970699999999,11.1430564,0.4906895851676008,-0.01779178199307152
1000,4,2.5,scurve,HT1,1.25936825,11.58640562,1.52397788,11.809671849999999,-0.19071373638636524,-0.019086362492640365
1000,4,2.5,scurve,HT2,1.17209316,11.53597501,1.27242313,11.629843249999999,-0.08213188292304392,-0.008104074087685285
1000,4,2.5,sharp,HM,0.6979186799999999,2.47829334,0.52800413,0.46851190000000004,0.2789984860318581,1.6657639313376247
1000,4,2.5,sharp,HT1,0.7883601899999999,0.81946299,0.9471314700000001,1.22505981,-0.1834828320969771,-0.4020957107966356
1000,4,2.5,sharp,HT2,0.66810901,0.70785213,0.69887444,0.7962925900000001,-0.0450197492131191,-0.11773147773390975
1000,4,2.5,zigzag,HM,1.1849815,24.00238109,0.90696754,25.93597085,0.26737578047142035,-0.07747780356218353
1000,4,2.5,zigzag,HT1,1.4512447,27.015695580000003,1.76299797,28.51546896,-0.19459414996949373,-0.05402869567189623
1000,4,2.5,zigzag,HT2,1.2624193400000001,27.04747196,1.3762910800000001,27.2861104,-0.08636226681977704,-0.008784253279078481
1000,8,1.5,random,HM,0.88920897,55.12898387999999,0.88151438,55.881394719999996,0.008690954950925355,-0.0135558921879304
1000,8,1.5,random,HT1,1.52228604,95.74330002,1.5308413200000002,96.72538947999999,-0.005604287920723136,-0.010205275321007574
1000,8,1.5,random,HT2,1.24482212,78.76162652,1.24777151,78.98898986,-0.0023665240422595384,-0.0028825687360396796
1000,8,1.5,scurve,HM,1.4230132,9.202992590000001,1.76891519,9.71043487,-0.21758987644628977,-0.05367235440405833
1000,8,1.5,scurve,HT1,1.60647274,9.74821341,1.746575,9.956209770000001,-0.08361579650703452,-0.021112425770836187
1000,8,1.5,scurve,HT2,1.64969053,9.85348449,1.7417952600000002,9.99188318,-0.054328627204419964,-0.013947933444566955
1000,8,1.5,sharp,HM,1.17721925,1.7980490199999999,0.9517717600000001,1.26176581,0.21258511043907136,0.35419002292833185
1000,8,1.5,sharp,HT1,0.6967612599999999,0.9361765099999999,0.87722891,1.08587474,-0.23032514615920535,-0.14833711538318958
1000,8,1.5,sharp,HT2,0.85738618,1.15416296,0.89332554,1.17959312,-0.041062625381954015,-0.021794194168543217
1000,8,1.5,zigzag,HM,1.61108575,11.740387740000001,2.12039128,12.834890929999998,-0.27469230710433923,-0.08913247531777274
1000,8,1.5,zigzag,HT1,1.52169106,12.975732299999999,1.82506765,13.99274195,-0.1817947989221266,-0.07545789627432044
1000,8,1.5,zigzag,HT2,1.8935191599999999,13.281198340000001,1.9544710699999999,13.614945370000001,-0.031682517265664824,-0.024818737208436636
1000,8,2.0,random,HM,0.56679639,34.36564576,0.55223943,35.0153737,0.026018436471859877,-0.018729818010423734
1000,8,2.0,random,HT1,1.31929049,83.19058515,1.3342837399999998,84.06906131,-0.011300539013416084,-0.01050443733920072
1000,8,2.0,random,HT2,0.97874957,61.85978122,0.9820795,62.06383361,-0.0033964543387200214,-0.0032931991968596624
1000,8,2.0,scurve,HM,0.82639403,8.91155852,0.8565862599999999,9.101382469999999,-0.03588333121907364,-0.02107717750846197
1000,8,2.0,scurve,HT1,1.00529088,9.3483519,1.21310443,9.57558134,-0.18790578611998238,-0.024016187199984575
1000,8,2.0,scurve,HT2,0.8580497699999999,9.27047198,0.9734227900000001,9.40986635,-0.12615640510659706,-0.01492445746036017
1000,8,2.0,sharp,HM,0.6597080099999999,1.08654345,0.53572847,0.67373846,0.20816988114582874,0.47791479563132955
1000,8,2.0,sharp,HT1,0.5050552700000001,0.68409175,0.6498494300000001,0.82781938,-0.2520728210705345,-0.19070294443879904
1000,8,2.0,sharp,HT2,0.53447999,0.72235984,0.56493984,0.75046577,-0.05542495469371552,-0.03817063235185226
1000,8,2.0,zigzag,HM,0.90767411,10.97944318,1.03376328,12.118684530000001,-0.13007568820211177,-0.09872371503040518
1000,8,2.0,zigzag,HT1,1.01372911,12.56051379,1.29062421,13.35394692,-0.24149026548381644,-0.06125392353825376
1000,8,2.0,zigzag,HT2,1.08447611,12.6099259,1.1410080200000001,12.851803310000001,-0.0508150773196762,-0.0189998632327939
1000,8,2.5,random,HM,0.33078189,18.62930807,0.30607849000000004,19.21524826,0.07761764325176662,-0.030968100757457474
1000,8,2.5,random,HT1,1.15415242,73.17514914,1.16771061,74.01329847,-0.011678849209303416,-0.011388915408837555
1000,8,2.5,random,HT2,0.7561675999999999,47.968709,0.75901285,48.15501888,-0.003755662692656938,-0.00387646458195484
1000,8,2.5,scurve,HM,0.72393262,8.79684158,0.52425316,8.85148532,0.3227236243340143,-0.0061925320094307285
1000,8,2.5,scurve,HT1,0.86229698,9.2802158,0.97614454,9.39880696,-0.12401093401976288,-0.012697961234028539
1000,8,2.5,scurve,HT2,0.56413788,9.05938003,0.64154447,9.15170426,-0.1285798138491196,-0.010139431513404799
1000,8,2.5,sharp,HM,0.6642282199999999,1.90146448,0.28962662,0.342032,0.8300332190660504,1.7154753472674342
1000,8,2.5,sharp,HT1,0.39582811,0.53905951,0.52533833,0.68086636,-0.28306244176165346,-0.23354007309171285
1000,8,2.5,sharp,HT2,0.35053778999999996,0.47383293000000004,0.37645060999999996,0.50288187,-0.07131833862945892,-0.05950050041424134
1000,8,2.5,zigzag,HM,0.65943315,10.92478848,0.54802629,11.8428015,0.1850573420995861,-0.08068583494722556
1000,8,2.5,zigzag,HT1,0.79559566,12.3651698,1.05582242,13.04070208,-0.28298419528403185,-0.0531917623519285
1000,8,2.5,zigzag,HT2,0.7316449,12.33182324,0.7818224100000001,12.52794272,-0.06633233060002452,-0.015778390599903665
1000,12,1.5,random,HM,0.70342557,29.003843579999998,0.6954889,29.59025819,0.011347019888767053,-0.020016833511448725
1000,12,1.5,random,HT1,1.3863167,58.35878383,1.40285794,59.2067648,-0.0118611675947789,-0.014425921296557282
1000,12,1.5,random,HT2,1.07498939,45.54547831,1.07942549,45.75012989,-0.004118154131378826,-0.0044832807803778
1000,12,1.5,scurve,HM,1.10730002,7.4471704,1.2501438,7.81981415,-0.12133394691373857,-0.04882664012609523
1000,12,1.5,scurve,HT1,1.19859065,7.88107246,1.2423381999999998,8.01440286,-0.035848840937185864,-0.016776286884875133
1000,12,1.5,scurve,HT2,1.19842297,7.9442568200000006,1.2548596,8.04936115,-0.046017192995498106,-0.013143473010915221
1000,12,1.5,sharp,HM,0.93490884,1.49384884,0.63900671,1.01837086,0.38053407210443585,0.3831517492059714
1000,12,1.5,sharp,HT1,0.45467348,0.73233462,0.60137196,0.8394440299999999,-0.27963410996447524,-0.13650226300148488
1000,12,1.5,sharp,HT2,0.56704323,0.91709247,0.60138683,0.94234831,-0.05880282720446733,-0.027166655205019246
1000,12,1.5,zigzag,HM,1.09529996,8.08762686,1.4210065,8.8525943,-0.2603371615201042,-0.09037521166619564
1000,12,1.5,zigzag,HT1,1.01607932,8.95294518,1.25646061,9.66428945,-0.21234731154978304,-0.07645504356378054
1000,12,1.5,zigzag,HT2,1.2945037400000001,9.16942952,1.34325545,9.41595953,-0.03696869859054787,-0.026530999171619576
1000,12,2.0,random,HM,0.42940232,17.27772289,0.4118173,17.78366632,0.041814483921771985,-0.028862436059438383
1000,12,2.0,random,HT1,1.18998924,50.83698345,1.20899658,51.603370860000005,-0.01584647777878343,-0.014962886722774089
1000,12,2.0,random,HT2,0.82844128,35.593532880000005,0.83278009,35.771285750000004,-0.005223650434879478,-0.004981536869309942
1000,12,2.0,scurve,HM,0.58063415,7.22951397,0.5895882499999999,7.30918166,-0.015303543586831975,-0.010959509633979877
1000,12,2.0,scurve,HT1,0.70024064,7.53612811,0.83051061,7.7047995700000005,-0.1706166570121113,-0.02213491859097507
1000,12,2.0,scurve,HT2,0.59697538,7.46131541,0.67751162,7.5721033,-0.1265508308870461,-0.014739148530762336
1000,12,2.0,sharp,HM,0.5044659,0.69668238,0.36826962,0.54677778,0.31468491288845163,0.2422871434663363
1000,12,2.0,sharp,HT1,0.32976388,0.52944589,0.45232859,0.62570161,-0.31603200153891736,-0.1670426270454708
1000,12,2.0,sharp,HT2,0.35470466,0.56848194,0.38308432000000003,0.59133835,-0.07696962205143087,-0.03941881294223451
1000,12,2.0,zigzag,HM,0.61933788,7.54642017,0.69426926,8.3465023,-0.1142088960640557,-0.10076926373031565
1000,12,2.0,zigzag,HT1,0.6757680899999999,8.66118981,0.88001861,9.20322361,-0.26409309992240293,-0.06070171048125346
1000,12,2.0,zigzag,HT2,0.74035649,8.691283929999999,0.78467168,8.86794126,-0.05813357481615957,-0.02012199156632717
1000,12,2.5,random,HM,0.24917559999999997,8.94531886,0.22439639,9.41062778,0.10474378262173324,-0.050709302450529826
1000,12,2.5,random,HT1,1.03255644,43.642800189999996,1.0503155800000001,44.3730356,-0.017052963596249325,-0.01659365406666646
1000,12,2.5,random,HT2,0.63233234,26.85334871,0.63608909,27.01648943,-0.005923521782133725,-0.006056866861903005
1000,12,2.5,scurve,HM,0.49625934,7.126312349999999,0.35719178999999995,7.18021989,0.3288257885672826,-0.007536109271775958
1000,12,2.5,scurve,HT1,0.60048319,7.482350390000001,0.66194957,7.559624149999999,-0.09745472699823086,-0.010274507456485952
1000,12,2.5,scurve,HT2,0.39340392,7.2967724,0.44506444,7.367648480000001,-0.12338221035306907,-0.009666475406284411
1000,12,2.5,sharp,HM,0.49549264,1.37863497,0.21196072999999999,0.28067876999999997,0.8491514783119003,1.5916382882836193
1000,12,2.5,sharp,HT1,0.25765404000000003,0.41236122999999997,0.37278588,0.51029563,-0.36938645172005946,-0.21309048738894124
1000,12,2.5,sharp,HT2,0.23380888,0.36533935,0.26034481,0.38857135,-0.1075029152097277,-0.061650160346485565
1000,12,2.5,zigzag,HM,0.45006411999999996,7.5146565899999995,0.36957794,8.15532316,0.1970284096636228,-0.08181553695637282
1000,12,2.5,zigzag,HT1,0.527351,8.52369794,0.72259889,8.98365108,-0.31498792159814454,-0.0525561015541674
1000,12,2.5,zigzag,HT2,0.49906647,8.49364213,0.53977267,8.63336287,-0.07840877614609935,-0.016316202356795616
